year,week,district,cases
2026,1,Ampara,36
2026,1,Anuradhapura,21
2026,1,Badulla,23
2026,1,Batticaloa,14
2026,1,Colombo,525
2026,1,Galle,72
2026,1,Gampaha,307
2026,1,Hambantota,25
2026,1,Jaffna,52
2026,1,Kalutara,115
2026,1,Kandy,87
2026,1,Kegalle,36
2026,1,Kilinochchi,5
2026,1,Kurunegala,48
2026,1,Mannar,4
2026,1,Matale,40
2026,1,Matara,89
2026,1,Monaragala,33
2026,1,Mullaitivu,0
2026,1,Nuwara Eliya,9
2026,1,Polonnaruwa,6
2026,1,Puttalam,28
2026,1,Ratnapura,86
2026,1,Trincomalee,16
2026,1,Vavuniya,0
2026,2,Ampara,43
2026,2,Anuradhapura,10
2026,2,Badulla,26
2026,2,Batticaloa,26
2026,2,Colombo,634
2026,2,Galle,125
2026,2,Gampaha,280
2026,2,Hambantota,43
2026,2,Jaffna,35
2026,2,Kalutara,96
2026,2,Kandy,95
2026,2,Kegalle,44
2026,2,Kilinochchi,2
2026,2,Kurunegala,54
2026,2,Mannar,0
2026,2,Matale,25
2026,2,Matara,131
2026,2,Monaragala,24
2026,2,Mullaitivu,3
2026,2,Nuwara Eliya,5
2026,2,Polonnaruwa,10
2026,2,Puttalam,41
2026,2,Ratnapura,71
2026,2,Trincomalee,25
2026,2,Vavuniya,4
2026,3,Ampara,34
2026,3,Anuradhapura,15
2026,3,Badulla,30
2026,3,Batticaloa,38
2026,3,Colombo,616
2026,3,Galle,138
2026,3,Gampaha,250
2026,3,Hambantota,116
2026,3,Jaffna,31
2026,3,Kalutara,105
2026,3,Kandy,62
2026,3,Kegalle,46
2026,3,Kilinochchi,2
2026,3,Kurunegala,31
2026,3,Mannar,1
2026,3,Matale,27
2026,3,Matara,135
2026,3,Monaragala,20
2026,3,Mullaitivu,2
2026,3,Nuwara Eliya,8
2026,3,Polonnaruwa,7
2026,3,Puttalam,32
2026,3,Ratnapura,94
2026,3,Trincomalee,22
2026,3,Vavuniya,5
2026,4,Ampara,58
2026,4,Anuradhapura,18
2026,4,Badulla,21
2026,4,Batticaloa,42
2026,4,Colombo,539
2026,4,Galle,104
2026,4,Gampaha,276
2026,4,Hambantota,85
2026,4,Jaffna,55
2026,4,Kalutara,76
2026,4,Kandy,73
2026,4,Kegalle,56
2026,4,Kilinochchi,1
2026,4,Kurunegala,30
2026,4,Mannar,2
2026,4,Matale,30
2026,4,Matara,123
2026,4,Monaragala,26
2026,4,Mullaitivu,2
2026,4,Nuwara Eliya,8
2026,4,Polonnaruwa,16
2026,4,Puttalam,20
2026,4,Ratnapura,102
2026,4,Trincomalee,17
2026,4,Vavuniya,5
2026,5,Ampara,43
2026,5,Anuradhapura,15
2026,5,Badulla,19
2026,5,Batticaloa,59
2026,5,Colombo,420
2026,5,Galle,112
2026,5,Gampaha,198
2026,5,Hambantota,49
2026,5,Jaffna,34
2026,5,Kalutara,80
2026,5,Kandy,52
2026,5,Kegalle,34
2026,5,Kilinochchi,7
2026,5,Kurunegala,45
2026,5,Mannar,5
2026,5,Matale,35
2026,5,Matara,147
2026,5,Monaragala,26
2026,5,Mullaitivu,3
2026,5,Nuwara Eliya,7
2026,5,Polonnaruwa,10
2026,5,Puttalam,17
2026,5,Ratnapura,73
2026,5,Trincomalee,12
2026,5,Vavuniya,4
2026,6,Ampara,52
2026,6,Anuradhapura,7
2026,6,Badulla,12
2026,6,Batticaloa,71
2026,6,Colombo,399
2026,6,Galle,113
2026,6,Gampaha,272
2026,6,Hambantota,44
2026,6,Jaffna,37
2026,6,Kalutara,60
2026,6,Kandy,52
2026,6,Kegalle,26
2026,6,Kilinochchi,3
2026,6,Kurunegala,39
2026,6,Mannar,0
2026,6,Matale,22
2026,6,Matara,113
2026,6,Monaragala,16
2026,6,Mullaitivu,0
2026,6,Nuwara Eliya,3
2026,6,Polonnaruwa,12
2026,6,Puttalam,32
2026,6,Ratnapura,63
2026,6,Trincomalee,12
2026,6,Vavuniya,5
2026,7,Ampara,36
2026,7,Anuradhapura,24
2026,7,Badulla,27
2026,7,Batticaloa,54
2026,7,Colombo,425
2026,7,Galle,107
2026,7,Gampaha,239
2026,7,Hambantota,42
2026,7,Jaffna,33
2026,7,Kalutara,75
2026,7,Kandy,58
2026,7,Kegalle,46
2026,7,Kilinochchi,2
2026,7,Kurunegala,36
2026,7,Mannar,2
2026,7,Matale,28
2026,7,Matara,132
2026,7,Monaragala,13
2026,7,Mullaitivu,0
2026,7,Nuwara Eliya,3
2026,7,Polonnaruwa,9
2026,7,Puttalam,21
2026,7,Ratnapura,98
2026,7,Trincomalee,21
2026,7,Vavuniya,2
2026,8,Ampara,42
2026,8,Anuradhapura,10
2026,8,Badulla,19
2026,8,Batticaloa,50
2026,8,Colombo,416
2026,8,Galle,115
2026,8,Gampaha,231
2026,8,Hambantota,50
2026,8,Jaffna,21
2026,8,Kalutara,81
2026,8,Kandy,51
2026,8,Kegalle,48
2026,8,Kilinochchi,2
2026,8,Kurunegala,41
2026,8,Mannar,1
2026,8,Matale,23
2026,8,Matara,101
2026,8,Monaragala,18
2026,8,Mullaitivu,3
2026,8,Nuwara Eliya,4
2026,8,Polonnaruwa,9
2026,8,Puttalam,33
2026,8,Ratnapura,104
2026,8,Trincomalee,14
2026,8,Vavuniya,6
2026,9,Ampara,29
2026,9,Anuradhapura,12
2026,9,Badulla,15
2026,9,Batticaloa,44
2026,9,Colombo,357
2026,9,Galle,78
2026,9,Gampaha,226
2026,9,Hambantota,39
2026,9,Jaffna,35
2026,9,Kalutara,57
2026,9,Kandy,49
2026,9,Kegalle,28
2026,9,Kilinochchi,0
2026,9,Kurunegala,37
2026,9,Mannar,2
2026,9,Matale,15
2026,9,Matara,77
2026,9,Monaragala,17
2026,9,Mullaitivu,0
2026,9,Nuwara Eliya,4
2026,9,Polonnaruwa,9
2026,9,Puttalam,32
2026,9,Ratnapura,87
2026,9,Trincomalee,12
2026,9,Vavuniya,3
2026,10,Ampara,37
2026,10,Anuradhapura,4
2026,10,Badulla,19
2026,10,Batticaloa,55
2026,10,Colombo,365
2026,10,Galle,114
2026,10,Gampaha,247
2026,10,Hambantota,39
2026,10,Jaffna,13
2026,10,Kalutara,84
2026,10,Kandy,40
2026,10,Kegalle,45
2026,10,Kilinochchi,2
2026,10,Kurunegala,33
2026,10,Mannar,2
2026,10,Matale,20
2026,10,Matara,94
2026,10,Monaragala,21
2026,10,Mullaitivu,1
2026,10,Nuwara Eliya,9
2026,10,Polonnaruwa,9
2026,10,Puttalam,37
2026,10,Ratnapura,71
2026,10,Trincomalee,11
2026,10,Vavuniya,3
2026,11,Ampara,34
2026,11,Anuradhapura,21
2026,11,Badulla,20
2026,11,Batticaloa,55
2026,11,Colombo,301
2026,11,Galle,81
2026,11,Gampaha,191
2026,11,Hambantota,41
2026,11,Jaffna,21
2026,11,Kalutara,74
2026,11,Kandy,49
2026,11,Kegalle,31
2026,11,Kilinochchi,2
2026,11,Kurunegala,51
2026,11,Mannar,0
2026,11,Matale,20
2026,11,Matara,109
2026,11,Monaragala,22
2026,11,Mullaitivu,1
2026,11,Nuwara Eliya,5
2026,11,Polonnaruwa,7
2026,11,Puttalam,30
2026,11,Ratnapura,78
2026,11,Trincomalee,17
2026,11,Vavuniya,0
2026,12,Ampara,29
2026,12,Anuradhapura,12
2026,12,Badulla,10
2026,12,Batticaloa,50
2026,12,Colombo,392
2026,12,Galle,105
2026,12,Gampaha,226
2026,12,Hambantota,30
2026,12,Jaffna,23
2026,12,Kalutara,106
2026,12,Kandy,47
2026,12,Kegalle,40
2026,12,Kilinochchi,0
2026,12,Kurunegala,24
2026,12,Mannar,0
2026,12,Matale,17
2026,12,Matara,95
2026,12,Monaragala,9
2026,12,Mullaitivu,0
2026,12,Nuwara Eliya,2
2026,12,Polonnaruwa,16
2026,12,Puttalam,29
2026,12,Ratnapura,71
2026,12,Trincomalee,13
2026,12,Vavuniya,1
2026,13,Ampara,39
2026,13,Anuradhapura,10
2026,13,Badulla,20
2026,13,Batticaloa,51
2026,13,Colombo,351
2026,13,Galle,108
2026,13,Gampaha,195
2026,13,Hambantota,37
2026,13,Jaffna,37
2026,13,Kalutara,123
2026,13,Kandy,62
2026,13,Kegalle,35
2026,13,Kilinochchi,4
2026,13,Kurunegala,34
2026,13,Mannar,0
2026,13,Matale,19
2026,13,Matara,107
2026,13,Monaragala,18
2026,13,Mullaitivu,1
2026,13,Nuwara Eliya,5
2026,13,Polonnaruwa,12
2026,13,Puttalam,20
2026,13,Ratnapura,105
2026,13,Trincomalee,32
2026,13,Vavuniya,3
2026,14,Ampara,46
2026,14,Anuradhapura,12
2026,14,Badulla,18
2026,14,Batticaloa,42
2026,14,Colombo,313
2026,14,Galle,81
2026,14,Gampaha,187
2026,14,Hambantota,29
2026,14,Jaffna,17
2026,14,Kalutara,121
2026,14,Kandy,44
2026,14,Kegalle,40
2026,14,Kilinochchi,1
2026,14,Kurunegala,44
2026,14,Mannar,5
2026,14,Matale,17
2026,14,Matara,108
2026,14,Monaragala,34
2026,14,Mullaitivu,0
2026,14,Nuwara Eliya,1
2026,14,Polonnaruwa,14
2026,14,Puttalam,21
2026,14,Ratnapura,107
2026,14,Trincomalee,19
2026,14,Vavuniya,1
2026,15,Ampara,34
2026,15,Anuradhapura,7
2026,15,Badulla,16
2026,15,Batticaloa,35
2026,15,Colombo,323
2026,15,Galle,78
2026,15,Gampaha,227
2026,15,Hambantota,36
2026,15,Jaffna,11
2026,15,Kalutara,123
2026,15,Kandy,34
2026,15,Kegalle,38
2026,15,Kilinochchi,1
2026,15,Kurunegala,28
2026,15,Mannar,3
2026,15,Matale,9
2026,15,Matara,75
2026,15,Monaragala,26
2026,15,Mullaitivu,1
2026,15,Nuwara Eliya,3
2026,15,Polonnaruwa,12
2026,15,Puttalam,23
2026,15,Ratnapura,85
2026,15,Trincomalee,20
2026,15,Vavuniya,0
2026,16,Ampara,39
2026,16,Anuradhapura,9
2026,16,Badulla,15
2026,16,Batticaloa,26
2026,16,Colombo,288
2026,16,Galle,72
2026,16,Gampaha,202
2026,16,Hambantota,32
2026,16,Jaffna,20
2026,16,Kalutara,97
2026,16,Kandy,69
2026,16,Kegalle,32
2026,16,Kilinochchi,0
2026,16,Kurunegala,43
2026,16,Mannar,1
2026,16,Matale,7
2026,16,Matara,67
2026,16,Monaragala,11
2026,16,Mullaitivu,0
2026,16,Nuwara Eliya,4
2026,16,Polonnaruwa,11
2026,16,Puttalam,19
2026,16,Ratnapura,113
2026,16,Trincomalee,24
2026,16,Vavuniya,1
2026,17,Ampara,34
2026,17,Anuradhapura,4
2026,17,Badulla,14
2026,17,Batticaloa,39
2026,17,Colombo,370
2026,17,Galle,91
2026,17,Gampaha,273
2026,17,Hambantota,24
2026,17,Jaffna,28
2026,17,Kalutara,125
2026,17,Kandy,48
2026,17,Kegalle,42
2026,17,Kilinochchi,2
2026,17,Kurunegala,28
2026,17,Mannar,4
2026,17,Matale,11
2026,17,Matara,85
2026,17,Monaragala,15
2026,17,Mullaitivu,2
2026,17,Nuwara Eliya,2
2026,17,Polonnaruwa,10
2026,17,Puttalam,21
2026,17,Ratnapura,142
2026,17,Trincomalee,23
2026,17,Vavuniya,1
2026,18,Ampara,42
2026,18,Anuradhapura,11
2026,18,Badulla,10
2026,18,Batticaloa,28
2026,18,Colombo,370
2026,18,Galle,73
2026,18,Gampaha,281
2026,18,Hambantota,19
2026,18,Jaffna,20
2026,18,Kalutara,129
2026,18,Kandy,80
2026,18,Kegalle,51
2026,18,Kilinochchi,1
2026,18,Kurunegala,48
2026,18,Mannar,2
2026,18,Matale,6
2026,18,Matara,90
2026,18,Monaragala,25
2026,18,Mullaitivu,2
2026,18,Nuwara Eliya,9
2026,18,Polonnaruwa,14
2026,18,Puttalam,24
2026,18,Ratnapura,130
2026,18,Trincomalee,12
2026,18,Vavuniya,2
2026,19,Ampara,40
2026,19,Anuradhapura,15
2026,19,Badulla,14
2026,19,Batticaloa,46
2026,19,Colombo,378
2026,19,Galle,69
2026,19,Gampaha,286
2026,19,Hambantota,47
2026,19,Jaffna,19
2026,19,Kalutara,129
2026,19,Kandy,91
2026,19,Kegalle,59
2026,19,Kilinochchi,1
2026,19,Kurunegala,56
2026,19,Mannar,0
2026,19,Matale,9
2026,19,Matara,91
2026,19,Monaragala,27
2026,19,Mullaitivu,0
2026,19,Nuwara Eliya,5
2026,19,Polonnaruwa,12
2026,19,Puttalam,31
2026,19,Ratnapura,158
2026,19,Trincomalee,34
2026,19,Vavuniya,4
2026,20,Ampara,37
2026,20,Anuradhapura,10
2026,20,Badulla,17
2026,20,Batticaloa,45
2026,20,Colombo,356
2026,20,Galle,107
2026,20,Gampaha,340
2026,20,Hambantota,44
2026,20,Jaffna,21
2026,20,Kalutara,129
2026,20,Kandy,129
2026,20,Kegalle,67
2026,20,Kilinochchi,0
2026,20,Kurunegala,44
2026,20,Mannar,4
2026,20,Matale,19
2026,20,Matara,94
2026,20,Monaragala,15
2026,20,Mullaitivu,0
2026,20,Nuwara Eliya,11
2026,20,Polonnaruwa,17
2026,20,Puttalam,24
2026,20,Ratnapura,197
2026,20,Trincomalee,17
2026,20,Vavuniya,7
2026,21,Ampara,37
2026,21,Anuradhapura,10
2026,21,Badulla,26
2026,21,Batticaloa,48
2026,21,Colombo,505
2026,21,Galle,135
2026,21,Gampaha,419
2026,21,Hambantota,48
2026,21,Jaffna,16
2026,21,Kalutara,185
2026,21,Kandy,187
2026,21,Kegalle,64
2026,21,Kilinochchi,5
2026,21,Kurunegala,32
2026,21,Mannar,2
2026,21,Matale,11
2026,21,Matara,165
2026,21,Monaragala,11
2026,21,Mullaitivu,2
2026,21,Nuwara Eliya,17
2026,21,Polonnaruwa,18
2026,21,Puttalam,27
2026,21,Ratnapura,230
2026,21,Trincomalee,18
2026,21,Vavuniya,1
2026,22,Ampara,20
2026,22,Anuradhapura,13
2026,22,Badulla,21
2026,22,Batticaloa,46
2026,22,Colombo,550
2026,22,Galle,142
2026,22,Gampaha,530
2026,22,Hambantota,71
2026,22,Jaffna,14
2026,22,Kalutara,266
2026,22,Kandy,170
2026,22,Kegalle,68
2026,22,Kilinochchi,2
2026,22,Kurunegala,67
2026,22,Mannar,1
2026,22,Matale,22
2026,22,Matara,190
2026,22,Monaragala,19
2026,22,Mullaitivu,3
2026,22,Nuwara Eliya,7
2026,22,Polonnaruwa,12
2026,22,Puttalam,15
2026,22,Ratnapura,160
2026,22,Trincomalee,23
2026,22,Vavuniya,9
2026,23,Ampara,38
2026,23,Anuradhapura,19
2026,23,Badulla,43
2026,23,Batticaloa,51
2026,23,Colombo,733
2026,23,Galle,128
2026,23,Gampaha,648
2026,23,Hambantota,95
2026,23,Jaffna,19
2026,23,Kalutara,321
2026,23,Kandy,285
2026,23,Kegalle,94
2026,23,Kilinochchi,4
2026,23,Kurunegala,73
2026,23,Mannar,2
2026,23,Matale,45
2026,23,Matara,220
2026,23,Monaragala,34
2026,23,Mullaitivu,4
2026,23,Nuwara Eliya,19
2026,23,Polonnaruwa,27
2026,23,Puttalam,59
2026,23,Ratnapura,258
2026,23,Trincomalee,33
2026,23,Vavuniya,3
2026,24,Ampara,49
2026,24,Anuradhapura,24
2026,24,Badulla,54
2026,24,Batticaloa,49
2026,24,Colombo,1201
2026,24,Galle,276
2026,24,Gampaha,1040
2026,24,Hambantota,104
2026,24,Jaffna,24
2026,24,Kalutara,425
2026,24,Kandy,374
2026,24,Kegalle,106
2026,24,Kilinochchi,0
2026,24,Kurunegala,136
2026,24,Mannar,4
2026,24,Matale,28
2026,24,Matara,466
2026,24,Monaragala,33
2026,24,Mullaitivu,3
2026,24,Nuwara Eliya,24
2026,24,Polonnaruwa,39
2026,24,Puttalam,84
2026,24,Ratnapura,245
2026,24,Trincomalee,26
2026,24,Vavuniya,5
2026,25,Ampara,56
2026,25,Anuradhapura,51
2026,25,Badulla,56
2026,25,Batticaloa,45
2026,25,Colombo,1292
2026,25,Galle,250
2026,25,Gampaha,1256
2026,25,Hambantota,185
2026,25,Jaffna,23
2026,25,Kalutara,452
2026,25,Kandy,438
2026,25,Kegalle,131
2026,25,Kilinochchi,3
2026,25,Kurunegala,94
2026,25,Mannar,0
2026,25,Matale,49
2026,25,Matara,379
2026,25,Monaragala,88
2026,25,Mullaitivu,0
2026,25,Nuwara Eliya,50
2026,25,Polonnaruwa,43
2026,25,Puttalam,113
2026,25,Ratnapura,157
2026,25,Trincomalee,22
2026,25,Vavuniya,5
2026,26,Ampara,100
2026,26,Anuradhapura,95
2026,26,Badulla,95
2026,26,Batticaloa,45
2026,26,Colombo,1178
2026,26,Galle,247
2026,26,Gampaha,1740
2026,26,Hambantota,146
2026,26,Jaffna,24
2026,26,Kalutara,465
2026,26,Kandy,481
2026,26,Kegalle,191
2026,26,Kilinochchi,5
2026,26,Kurunegala,184
2026,26,Mannar,7
2026,26,Matale,43
2026,26,Matara,364
2026,26,Monaragala,87
2026,26,Mullaitivu,1
2026,26,Nuwara Eliya,50
2026,26,Polonnaruwa,58
2026,26,Puttalam,171
2026,26,Ratnapura,193
2026,26,Trincomalee,24
2026,26,Vavuniya,4
2026,27,Ampara,126
2026,27,Anuradhapura,87
2026,27,Badulla,130
2026,27,Batticaloa,70
2026,27,Colombo,1668
2026,27,Galle,410
2026,27,Gampaha,1860
2026,27,Hambantota,220
2026,27,Jaffna,55
2026,27,Kalutara,693
2026,27,Kandy,635
2026,27,Kegalle,186
2026,27,Kilinochchi,2
2026,27,Kurunegala,243
2026,27,Mannar,10
2026,27,Matale,80
2026,27,Matara,627
2026,27,Monaragala,93
2026,27,Mullaitivu,0
2026,27,Nuwara Eliya,90
2026,27,Polonnaruwa,66
2026,27,Puttalam,156
2026,27,Ratnapura,327
2026,27,Trincomalee,47
2026,27,Vavuniya,10
2026,28,Ampara,100
2026,28,Anuradhapura,69
2026,28,Badulla,170
2026,28,Batticaloa,61
2026,28,Colombo,1634
2026,28,Galle,439
2026,28,Gampaha,1837
2026,28,Hambantota,185
2026,28,Jaffna,49
2026,28,Kalutara,615
2026,28,Kandy,662
2026,28,Kegalle,185
2026,28,Kilinochchi,11
2026,28,Kurunegala,213
2026,28,Mannar,7
2026,28,Matale,66
2026,28,Matara,457
2026,28,Monaragala,97
2026,28,Mullaitivu,5
2026,28,Nuwara Eliya,61
2026,28,Polonnaruwa,85
2026,28,Puttalam,194
2026,28,Ratnapura,372
2026,28,Trincomalee,22
2026,28,Vavuniya,23
2026,29,Ampara,121
2026,29,Anuradhapura,100
2026,29,Badulla,112
2026,29,Batticaloa,47
2026,29,Colombo,1536
2026,29,Galle,321
2026,29,Gampaha,1806
2026,29,Hambantota,177
2026,29,Jaffna,55
2026,29,Kalutara,527
2026,29,Kandy,652
2026,29,Kegalle,224
2026,29,Kilinochchi,6
2026,29,Kurunegala,260
2026,29,Mannar,14
2026,29,Matale,79
2026,29,Matara,453
2026,29,Monaragala,95
2026,29,Mullaitivu,7
2026,29,Nuwara Eliya,97
2026,29,Polonnaruwa,48
2026,29,Puttalam,231
2026,29,Ratnapura,345
2026,29,Trincomalee,28
2026,29,Vavuniya,11
2026,30,Ampara,68
2026,30,Anuradhapura,64
2026,30,Badulla,148
2026,30,Batticaloa,42
2026,30,Colombo,1448
2026,30,Galle,267
2026,30,Gampaha,1501
2026,30,Hambantota,123
2026,30,Jaffna,23
2026,30,Kalutara,444
2026,30,Kandy,525
2026,30,Kegalle,174
2026,30,Kilinochchi,5
2026,30,Kurunegala,199
2026,30,Mannar,1
2026,30,Matale,36
2026,30,Matara,320
2026,30,Monaragala,66
2026,30,Mullaitivu,2
2026,30,Nuwara Eliya,77
2026,30,Polonnaruwa,49
2026,30,Puttalam,152
2026,30,Ratnapura,254
2026,30,Trincomalee,8
2026,30,Vavuniya,8
2026,31,Ampara,59
2026,31,Anuradhapura,64
2026,31,Badulla,100
2026,31,Batticaloa,48
2026,31,Colombo,1008
2026,31,Galle,245
2026,31,Gampaha,930
2026,31,Hambantota,98
2026,31,Jaffna,43
2026,31,Kalutara,371
2026,31,Kandy,386
2026,31,Kegalle,169
2026,31,Kilinochchi,2
2026,31,Kurunegala,146
2026,31,Mannar,4
2026,31,Matale,48
2026,31,Matara,208
2026,31,Monaragala,64
2026,31,Mullaitivu,6
2026,31,Nuwara Eliya,50
2026,31,Polonnaruwa,33
2026,31,Puttalam,117
2026,31,Ratnapura,159
2026,31,Trincomalee,19
2026,31,Vavuniya,10
2026,32,Ampara,48
2026,32,Anuradhapura,36
2026,32,Badulla,57
2026,32,Batticaloa,37
2026,32,Colombo,742
2026,32,Galle,160
2026,32,Gampaha,759
2026,32,Hambantota,71
2026,32,Jaffna,43
2026,32,Kalutara,257
2026,32,Kandy,332
2026,32,Kegalle,118
2026,32,Kilinochchi,2
2026,32,Kurunegala,87
2026,32,Mannar,1
2026,32,Matale,43
2026,32,Matara,108
2026,32,Monaragala,28
2026,32,Mullaitivu,14
2026,32,Nuwara Eliya,33
2026,32,Polonnaruwa,13
2026,32,Puttalam,94
2026,32,Ratnapura,152
2026,32,Trincomalee,13
2026,32,Vavuniya,6
2026,33,Ampara,78
2026,33,Anuradhapura,37
2026,33,Badulla,65
2026,33,Batticaloa,32
2026,33,Colombo,625
2026,33,Galle,120
2026,33,Gampaha,605
2026,33,Hambantota,51
2026,33,Jaffna,9
2026,33,Kalutara,165
2026,33,Kandy,273
2026,33,Kegalle,101
2026,33,Kilinochchi,8
2026,33,Kurunegala,68
2026,33,Mannar,1
2026,33,Matale,31
2026,33,Matara,92
2026,33,Monaragala,25
2026,33,Mullaitivu,3
2026,33,Nuwara Eliya,31
2026,33,Polonnaruwa,19
2026,33,Puttalam,65
2026,33,Ratnapura,85
2026,33,Trincomalee,15
2026,33,Vavuniya,9
2026,34,Ampara,40
2026,34,Anuradhapura,42
2026,34,Badulla,42
2026,34,Batticaloa,24
2026,34,Colombo,441
2026,34,Galle,92
2026,34,Gampaha,369
2026,34,Hambantota,45
2026,34,Jaffna,16
2026,34,Kalutara,137
2026,34,Kandy,187
2026,34,Kegalle,83
2026,34,Kilinochchi,1
2026,34,Kurunegala,49
2026,34,Mannar,2
2026,34,Matale,15
2026,34,Matara,56
2026,34,Monaragala,25
2026,34,Mullaitivu,2
2026,34,Nuwara Eliya,18
2026,34,Polonnaruwa,15
2026,34,Puttalam,34
2026,34,Ratnapura,58
2026,34,Trincomalee,8
2026,34,Vavuniya,1
2026,35,Ampara,55
2026,35,Anuradhapura,15
2026,35,Badulla,25
2026,35,Batticaloa,17
2026,35,Colombo,295
2026,35,Galle,54
2026,35,Gampaha,269
2026,35,Hambantota,15
2026,35,Jaffna,17
2026,35,Kalutara,94
2026,35,Kandy,150
2026,35,Kegalle,63
2026,35,Kilinochchi,0
2026,35,Kurunegala,42
2026,35,Mannar,1
2026,35,Matale,11
2026,35,Matara,43
2026,35,Monaragala,17
2026,35,Mullaitivu,0
2026,35,Nuwara Eliya,10
2026,35,Polonnaruwa,4
2026,35,Puttalam,38
2026,35,Ratnapura,54
2026,35,Trincomalee,3
2026,35,Vavuniya,3
2026,36,Ampara,44
2026,36,Anuradhapura,30
2026,36,Badulla,23
2026,36,Batticaloa,21
2026,36,Colombo,222
2026,36,Galle,47
2026,36,Gampaha,224
2026,36,Hambantota,21
2026,36,Jaffna,19
2026,36,Kalutara,71
2026,36,Kandy,158
2026,36,Kegalle,58
2026,36,Kilinochchi,0
2026,36,Kurunegala,29
2026,36,Mannar,0
2026,36,Matale,10
2026,36,Matara,41
2026,36,Monaragala,11
2026,36,Mullaitivu,0
2026,36,Nuwara Eliya,18
2026,36,Polonnaruwa,8
2026,36,Puttalam,37
2026,36,Ratnapura,55
2026,36,Trincomalee,5
2026,36,Vavuniya,0
2026,37,Ampara,41
2026,37,Anuradhapura,11
2026,37,Badulla,25
2026,37,Batticaloa,13
2026,37,Colombo,207
2026,37,Galle,69
2026,37,Gampaha,218
2026,37,Hambantota,22
2026,37,Jaffna,22
2026,37,Kalutara,73
2026,37,Kandy,174
2026,37,Kegalle,69
2026,37,Kilinochchi,3
2026,37,Kurunegala,38
2026,37,Mannar,0
2026,37,Matale,12
2026,37,Matara,38
2026,37,Monaragala,11
2026,37,Mullaitivu,1
2026,37,Nuwara Eliya,14
2026,37,Polonnaruwa,12
2026,37,Puttalam,33
2026,37,Ratnapura,44
2026,37,Trincomalee,5
2026,37,Vavuniya,1
