district,forecast_origin_date,target_date,forecast_horizon_weeks,forecast_model,current_cases,forecast_cases_1w,persistence_forecast_1w,forecast_absolute_change,forecast_percent_change,forecast_trend,historical_observations,historical_mean,historical_median,historical_p50,historical_p75,historical_p90,historical_max,activity_level,model_minus_persistence,top_driver_1,top_driver_1_technical,top_driver_1_value,top_driver_1_shap,top_driver_1_direction,top_driver_2,top_driver_2_technical,top_driver_2_value,top_driver_2_shap,top_driver_2_direction,top_driver_3,top_driver_3_technical,top_driver_3_value,top_driver_3_shap,top_driver_3_direction,observed_target_cases,base_value,activity_definition,model_interpretation_note
Jaffna,2025-12-12,2025-12-13,1,random_forest,78.0,69.99541861471292,78.0,-8.004581385287082,-10.262283827291132,DECREASING,567,68.0352733686067,33.0,33.0,73.0,142.40000000000003,931.0,ELEVATED,-8.004581385287082,Current dengue cases,cases_current,78.0,17.12053960858276,increases_prediction,Cases 1 week ago,cases_lag_1,58.0,-3.3671060161732247,decreases_prediction,Recent 2-week case average,cases_rolling_2,53.5,2.8856131311512025,increases_prediction,76.0,45.197009781209786,District-specific historical percentile category; not an official epidemiological alert.,SHAP values explain model predictions and do not establish causal relationships.
Kandy,2025-12-12,2025-12-13,1,random_forest,82.0,68.27473116258928,82.0,-13.725268837410724,-16.73813272854966,DECREASING,567,97.06878306878306,62.0,62.0,108.5,220.40000000000003,1062.0,ELEVATED,-13.725268837410724,Current dengue cases,cases_current,82.0,20.369835426307525,increases_prediction,Cases 1 week ago,cases_lag_1,50.0,-6.553222959195273,decreases_prediction,Recent 4-week case average,cases_rolling_4,67.25,4.571588648399144,increases_prediction,85.0,45.197009781209786,District-specific historical percentile category; not an official epidemiological alert.,SHAP values explain model predictions and do not establish causal relationships.
Ratnapura,2025-12-12,2025-12-13,1,random_forest,43.0,56.96537171733518,43.0,13.96537171733518,32.47760864496554,INCREASING,567,52.86772486772487,40.0,40.0,62.0,91.0,920.0,ELEVATED,13.96537171733518,Recent 4-week case average,cases_rolling_4,53.75,3.705137506118581,increases_prediction,Current dengue cases,cases_current,43.0,-3.3595522254197445,decreases_prediction,Recent 2-week case average,cases_rolling_2,59.0,2.8141706382844363,increases_prediction,60.0,45.197009781209786,District-specific historical percentile category; not an official epidemiological alert.,SHAP values explain model predictions and do not establish causal relationships.
Kalutara,2025-12-12,2025-12-13,1,random_forest,53.0,56.476626326810425,53.0,3.4766263268104254,6.559672314736652,STABLE,567,69.5026455026455,44.0,44.0,83.0,155.40000000000003,703.0,ELEVATED,3.4766263268104254,Recent 2-week case average,cases_rolling_2,60.0,4.360893201599514,increases_prediction,Recent 4-week case average,cases_rolling_4,47.25,2.726686343151973,increases_prediction,Recent 4-week rainfall,rainfall_rolling_4,553.6999999999999,2.0330536331858173,increases_prediction,85.0,45.197009781209786,District-specific historical percentile category; not an official epidemiological alert.,SHAP values explain model predictions and do not establish causal relationships.
Kegalle,2025-12-12,2025-12-13,1,random_forest,36.0,35.97866467425644,36.0,-0.02133532574355712,-0.05926479373210311,STABLE,567,45.12698412698413,26.0,26.0,46.5,83.40000000000003,807.0,ELEVATED,-0.02133532574355712,Cases 1 week ago,cases_lag_1,18.0,-6.6596139445807445,decreases_prediction,Current dengue cases,cases_current,36.0,-6.087869931572085,decreases_prediction,Recent 4-week rainfall,rainfall_rolling_4,753.3,1.7328505863418626,increases_prediction,37.0,45.197009781209786,District-specific historical percentile category; not an official epidemiological alert.,SHAP values explain model predictions and do not establish causal relationships.
Matale,2025-12-12,2025-12-13,1,random_forest,25.0,27.771990000720987,25.0,2.7719900007209866,11.087960002883946,INCREASING,567,23.668430335097003,15.0,15.0,30.0,46.0,260.0,ELEVATED,2.7719900007209866,Current dengue cases,cases_current,25.0,-13.329662661218933,decreases_prediction,Cases 1 week ago,cases_lag_1,21.0,-6.888307459907138,decreases_prediction,Recent 4-week rainfall,rainfall_rolling_4,787.8999999999999,1.845182226370052,increases_prediction,16.0,45.197009781209786,District-specific historical percentile category; not an official epidemiological alert.,SHAP values explain model predictions and do not establish causal relationships.
Trincomalee,2025-12-12,2025-12-13,1,random_forest,26.0,26.94239545732056,26.0,0.9423954573205613,3.624597912771389,STABLE,567,29.077601410934744,12.0,12.0,28.0,53.0,435.0,ELEVATED,0.9423954573205613,Current dengue cases,cases_current,26.0,-12.166171631032077,decreases_prediction,Cases 1 week ago,cases_lag_1,8.0,-7.068997105065642,decreases_prediction,Recent 2-week case average,cases_rolling_2,12.0,-2.6263074753756617,decreases_prediction,9.0,45.197009781209786,District-specific historical percentile category; not an official epidemiological alert.,SHAP values explain model predictions and do not establish causal relationships.
Puttalam,2025-12-12,2025-12-13,1,random_forest,30.0,26.33508802533181,30.0,-3.6649119746681897,-12.216373248893966,DECREASING,567,36.476190476190474,16.0,16.0,35.0,96.80000000000007,394.0,ELEVATED,-3.6649119746681897,Current dengue cases,cases_current,30.0,-9.73567438317532,decreases_prediction,Cases 1 week ago,cases_lag_1,13.0,-7.934912872645404,decreases_prediction,Recent 2-week case average,cases_rolling_2,11.5,-3.919668613817306,decreases_prediction,22.0,45.197009781209786,District-specific historical percentile category; not an official epidemiological alert.,SHAP values explain model predictions and do not establish causal relationships.
Hambantota,2025-12-12,2025-12-13,1,random_forest,28.0,24.939371014643744,28.0,-3.0606289853562565,-10.930817804843773,DECREASING,567,22.416225749559082,15.0,15.0,29.5,49.0,147.0,ELEVATED,-3.0606289853562565,Current dengue cases,cases_current,28.0,-13.195806909748743,decreases_prediction,Cases 1 week ago,cases_lag_1,24.0,-6.563149075214982,decreases_prediction,Recent 2-week case average,cases_rolling_2,18.5,-2.281586129542364,decreases_prediction,42.0,45.197009781209786,District-specific historical percentile category; not an official epidemiological alert.,SHAP values explain model predictions and do not establish causal relationships.
Ampara,2025-12-12,2025-12-13,1,random_forest,22.0,23.114775291723,22.0,1.1147752917229994,5.067160416922724,STABLE,567,30.24514991181658,15.0,15.0,32.0,69.40000000000003,480.0,ELEVATED,1.1147752917229994,Current dengue cases,cases_current,22.0,-14.02009528594322,decreases_prediction,Cases 1 week ago,cases_lag_1,7.0,-6.709609228268491,decreases_prediction,Recent 2-week case average,cases_rolling_2,9.0,-3.7196786662626655,decreases_prediction,18.0,45.197009781209786,District-specific historical percentile category; not an official epidemiological alert.,SHAP values explain model predictions and do not establish causal relationships.
Badulla,2025-12-12,2025-12-13,1,random_forest,18.0,18.6065268519937,18.0,0.6065268519936993,3.3695936221872183,STABLE,567,22.687830687830687,14.0,14.0,26.0,50.400000000000034,305.0,ELEVATED,0.6065268519936993,Current dengue cases,cases_current,18.0,-19.48424695816527,decreases_prediction,Cases 1 week ago,cases_lag_1,10.0,-7.033618136447346,decreases_prediction,Recent 2-week case average,cases_rolling_2,12.0,-3.2162013186640435,decreases_prediction,25.0,45.197009781209786,District-specific historical percentile category; not an official epidemiological alert.,SHAP values explain model predictions and do not establish causal relationships.
Monaragala,2025-12-12,2025-12-13,1,random_forest,14.0,16.74554875522807,14.0,2.7455487552280715,19.61106253734337,INCREASING,567,14.839506172839506,9.0,9.0,17.0,32.400000000000034,172.0,ELEVATED,2.7455487552280715,Current dengue cases,cases_current,14.0,-21.413513531176395,decreases_prediction,Cases 1 week ago,cases_lag_1,10.0,-7.266250226839798,decreases_prediction,Recent 2-week case average,cases_rolling_2,12.5,-2.8431965392309437,decreases_prediction,24.0,45.197009781209786,District-specific historical percentile category; not an official epidemiological alert.,SHAP values explain model predictions and do not establish causal relationships.
Anuradhapura,2025-12-12,2025-12-13,1,random_forest,12.0,11.67478756753922,12.0,-0.3252124324607806,-2.710103603839838,STABLE,567,14.582010582010582,8.0,8.0,16.0,34.0,244.0,ELEVATED,-0.3252124324607806,Current dengue cases,cases_current,12.0,-22.215473139625963,decreases_prediction,Cases 1 week ago,cases_lag_1,11.0,-6.860263354149921,decreases_prediction,Recent 2-week case average,cases_rolling_2,9.5,-4.70029759089479,decreases_prediction,13.0,45.197009781209786,District-specific historical percentile category; not an official epidemiological alert.,SHAP values explain model predictions and do not establish causal relationships.
Polonnaruwa,2025-12-12,2025-12-13,1,random_forest,6.0,8.481246982184263,6.0,2.4812469821842633,41.35411636973772,INCREASING,567,8.313932980599647,5.0,5.0,10.0,17.400000000000034,123.0,ELEVATED,2.4812469821842633,Current dengue cases,cases_current,6.0,-25.9544938945334,decreases_prediction,Cases 1 week ago,cases_lag_1,5.0,-7.0267521635319214,decreases_prediction,Recent 2-week case average,cases_rolling_2,6.5,-4.878371178165502,decreases_prediction,14.0,45.197009781209786,District-specific historical percentile category; not an official epidemiological alert.,SHAP values explain model predictions and do not establish causal relationships.
Nuwara Eliya,2025-12-12,2025-12-13,1,random_forest,3.0,7.476725205268349,3.0,4.476725205268349,149.22417350894497,INCREASING,567,6.3668430335097,4.0,4.0,8.0,13.0,85.0,ELEVATED,4.476725205268349,Current dengue cases,cases_current,3.0,-28.026050332856617,decreases_prediction,Cases 1 week ago,cases_lag_1,1.0,-7.356745303032291,decreases_prediction,Recent 2-week case average,cases_rolling_2,4.5,-5.4035784437647205,decreases_prediction,7.0,45.197009781209786,District-specific historical percentile category; not an official epidemiological alert.,SHAP values explain model predictions and do not establish causal relationships.
Colombo,2025-12-12,2025-12-13,1,random_forest,318.0,295.15499991223595,318.0,-22.84500008776405,-7.183962291749701,STABLE,567,226.0493827160494,168.0,168.0,291.5,441.00000000000017,1972.0,HIGH,-22.84500008776405,Current dengue cases,cases_current,318.0,167.79661705912778,increases_prediction,Cases 1 week ago,cases_lag_1,272.0,39.969682738743096,increases_prediction,Recent 2-week case average,cases_rolling_2,279.0,20.755216449387213,increases_prediction,340.0,45.197009781209786,District-specific historical percentile category; not an official epidemiological alert.,SHAP values explain model predictions and do not establish causal relationships.
Gampaha,2025-12-12,2025-12-13,1,random_forest,202.0,198.4298866161893,202.0,-3.570113383810707,-1.7673828632726274,STABLE,567,142.46031746031747,80.0,80.0,155.0,304.4000000000002,2631.0,HIGH,-3.570113383810707,Current dengue cases,cases_current,202.0,103.07160679358468,increases_prediction,Cases 1 week ago,cases_lag_1,186.0,23.672718622014493,increases_prediction,Recent 2-week case average,cases_rolling_2,162.0,9.709342833718187,increases_prediction,214.0,45.197009781209786,District-specific historical percentile category; not an official epidemiological alert.,SHAP values explain model predictions and do not establish causal relationships.
Galle,2025-12-12,2025-12-13,1,random_forest,81.0,71.75012365024725,81.0,-9.249876349752753,-11.419600431793523,DECREASING,567,46.27689594356261,29.0,29.0,56.0,109.40000000000003,332.0,HIGH,-9.249876349752753,Current dengue cases,cases_current,81.0,21.00962321021204,increases_prediction,Recent 2-week case average,cases_rolling_2,68.0,4.046045455569568,increases_prediction,Cases 1 week ago,cases_lag_1,68.0,-3.4352196594287148,decreases_prediction,82.0,45.197009781209786,District-specific historical percentile category; not an official epidemiological alert.,SHAP values explain model predictions and do not establish causal relationships.
Matara,2025-12-12,2025-12-13,1,random_forest,67.0,55.68629713144783,67.0,-11.31370286855217,-16.886123684406222,DECREASING,567,36.492063492063494,23.0,23.0,42.0,76.0,489.0,HIGH,-11.31370286855217,Current dengue cases,cases_current,67.0,8.34095312257128,increases_prediction,Cases 1 week ago,cases_lag_1,45.0,-4.274601588330719,decreases_prediction,Recent 4-week case average,cases_rolling_4,35.0,1.701151348657688,increases_prediction,44.0,45.197009781209786,District-specific historical percentile category; not an official epidemiological alert.,SHAP values explain model predictions and do not establish causal relationships.
Kilinochchi,2025-12-12,2025-12-13,1,random_forest,10.0,8.484432003588145,10.0,-1.5155679964118551,-15.155679964118551,DECREASING,567,3.7777777777777777,2.0,2.0,5.0,9.0,52.0,HIGH,-1.5155679964118551,Current dengue cases,cases_current,10.0,-24.29734439919946,decreases_prediction,Cases 1 week ago,cases_lag_1,4.0,-7.46282302932382,decreases_prediction,Recent 2-week case average,cases_rolling_2,2.5,-5.958469576510302,decreases_prediction,5.0,45.197009781209786,District-specific historical percentile category; not an official epidemiological alert.,SHAP values explain model predictions and do not establish causal relationships.
Mannar,2025-12-12,2025-12-13,1,random_forest,5.0,7.397726144552427,5.0,2.3977261445524274,47.95452289104855,INCREASING,567,4.391534391534392,1.0,1.0,4.0,12.0,63.0,HIGH,2.3977261445524274,Current dengue cases,cases_current,5.0,-27.099929080106406,decreases_prediction,Cases 1 week ago,cases_lag_1,0.0,-6.933611619261053,decreases_prediction,Recent 2-week case average,cases_rolling_2,2.5,-5.485501817937338,decreases_prediction,0.0,45.197009781209786,District-specific historical percentile category; not an official epidemiological alert.,SHAP values explain model predictions and do not establish causal relationships.
Mullaitivu,2025-12-12,2025-12-13,1,random_forest,2.0,3.811920354736962,2.0,1.8119203547369618,90.59601773684808,INCREASING,567,2.4779541446208113,1.0,1.0,3.0,6.400000000000034,31.0,HIGH,1.8119203547369618,Current dengue cases,cases_current,2.0,-29.41607669606169,decreases_prediction,Cases 1 week ago,cases_lag_1,0.0,-7.832048063144124,decreases_prediction,Recent 2-week case average,cases_rolling_2,1.0,-5.976239884447982,decreases_prediction,3.0,45.197009781209786,District-specific historical percentile category; not an official epidemiological alert.,SHAP values explain model predictions and do not establish causal relationships.
Kurunegala,2025-12-12,2025-12-13,1,random_forest,24.0,27.535727054787245,24.0,3.5357270547872446,14.73219606161352,INCREASING,567,53.03350970017637,31.0,31.0,59.0,103.0,681.0,LOW,3.5357270547872446,Current dengue cases,cases_current,24.0,-13.858753230221494,decreases_prediction,Cases 1 week ago,cases_lag_1,19.0,-6.903335337349722,decreases_prediction,Recent 2-week case average,cases_rolling_2,20.0,-1.9209049782238528,decreases_prediction,32.0,45.197009781209786,District-specific historical percentile category; not an official epidemiological alert.,SHAP values explain model predictions and do not establish causal relationships.
Batticaloa,2025-12-12,2025-12-13,1,random_forest,14.0,18.92681010962427,14.0,4.92681010962427,35.1915007830305,INCREASING,567,49.48853615520282,25.0,25.0,60.5,126.80000000000007,384.0,LOW,4.92681010962427,Current dengue cases,cases_current,14.0,-22.064491713892505,decreases_prediction,Cases 1 week ago,cases_lag_1,16.0,-6.784880148547752,decreases_prediction,Recent 2-week case average,cases_rolling_2,13.0,-2.293943520252665,decreases_prediction,20.0,45.197009781209786,District-specific historical percentile category; not an official epidemiological alert.,SHAP values explain model predictions and do not establish causal relationships.
Vavuniya,2025-12-12,2025-12-13,1,random_forest,2.0,2.128758082109149,2.0,0.12875808210914919,6.437904105457459,STABLE,567,6.190476190476191,3.0,3.0,7.0,17.0,89.0,LOW,0.12875808210914919,Current dengue cases,cases_current,2.0,-32.19096050331768,decreases_prediction,Cases 1 week ago,cases_lag_1,1.0,-8.358880046298134,decreases_prediction,Recent 2-week case average,cases_rolling_2,0.5,-6.448229454883969,decreases_prediction,3.0,45.197009781209786,District-specific historical percentile category; not an official epidemiological alert.,SHAP values explain model predictions and do not establish causal relationships.
