horizon_weeks,model,mae,rmse,smape
1,random_forest,8.58390934199351,15.431928937801729,38.9038872112012
1,xgboost,8.681348988366127,15.941318600063648,39.595891924638195
1,persistence,8.9312,15.485632050387869,43.517773126563874
2,random_forest,9.962961255330397,17.7220015743445,42.37877820155877
2,xgboost,10.029925621289015,18.3695089671111,43.837138150563426
2,persistence,10.2032,18.071812305355543,46.509916732800754
4,xgboost,12.878662218943239,24.589923663170065,48.3328381805479
4,random_forest,13.082423711599745,24.696957243109857,47.68865211141832
4,persistence,13.1064,24.41338976873142,50.36278354915285
