horizon_weeks,feature,importance
1,numeric__cases_current,0.3534031
1,numeric__cases_rolling_2,0.16628921
1,numeric__cases_lag_1,0.14561678
1,numeric__temperature_rolling_4,0.035875663
1,numeric__cases_lag_2,0.03189403
1,numeric__week_cos,0.023890747
1,numeric__humidity_lag_4,0.022282118
1,district__district_Gampaha,0.011268515
1,numeric__temperature_current,0.010267433
1,numeric__humidity_rolling_4,0.010163454
1,numeric__temperature_lag_4,0.009143043
1,numeric__cases_rolling_4,0.008501437
1,numeric__temperature_lag_3,0.008378594
1,numeric__rainfall_lag_4,0.008263712
1,numeric__temperature_lag_1,0.0074077547
1,numeric__week_sin,0.0071588536
1,numeric__humidity_lag_3,0.007140626
1,district__district_Galle,0.006949009
1,numeric__humidity_lag_2,0.0069169016
1,numeric__temperature_lag_2,0.006915383
1,numeric__rainfall_rolling_4,0.0066827745
1,numeric__rainfall_current,0.006505323
1,numeric__humidity_lag_1,0.0060032806
1,numeric__rain_days_lag_4,0.0059451144
1,numeric__rain_days_lag_2,0.0058030505
1,numeric__temperature_max_current,0.005719199
1,numeric__humidity_current,0.0056648552
1,numeric__rain_days_current,0.005618743
1,district__district_Kalutara,0.0054614884
1,numeric__cases_lag_3,0.0053105643
1,numeric__cases_lag_4,0.005180591
1,numeric__rain_days_lag_3,0.0050892644
1,numeric__temperature_min_current,0.0050478876
1,numeric__rainfall_lag_2,0.0048408983
1,district__district_Jaffna,0.004647393
1,numeric__rainfall_lag_1,0.004570629
1,numeric__rainfall_lag_3,0.004396767
1,numeric__rain_days_lag_1,0.0036317848
1,district__district_Matara,0.0035677026
1,district__district_Colombo,0.0031876499
1,district__district_Trincomalee,0.0020485402
1,district__district_Kandy,0.0015874917
1,district__district_Ratnapura,0.0013189886
1,district__district_Batticaloa,0.0012656064
1,district__district_Badulla,0.0012472589
1,district__district_Ampara,0.0012129142
1,district__district_Puttalam,0.0004539805
1,district__district_Kurunegala,0.00026389552
1,district__district_Vavuniya,0.0
1,district__district_Polonnaruwa,0.0
1,district__district_Nuwara Eliya,0.0
1,district__district_Kilinochchi,0.0
1,district__district_Hambantota,0.0
1,district__district_Anuradhapura,0.0
1,district__district_Kegalle,0.0
1,district__district_Mannar,0.0
1,district__district_Matale,0.0
1,district__district_Monaragala,0.0
1,district__district_Mullaitivu,0.0
2,numeric__cases_current,0.3672699
2,numeric__cases_lag_1,0.10227624
2,numeric__cases_rolling_2,0.067257896
2,numeric__humidity_rolling_4,0.0412058
2,numeric__week_cos,0.03033879
2,numeric__temperature_lag_4,0.026098132
2,numeric__rainfall_rolling_4,0.02069501
2,numeric__cases_lag_2,0.019609386
2,numeric__temperature_lag_3,0.018578285
2,numeric__humidity_lag_3,0.017830594
2,numeric__humidity_lag_2,0.016509973
2,numeric__week_sin,0.015435609
2,numeric__cases_rolling_4,0.013541118
2,numeric__rainfall_lag_3,0.012066626
2,numeric__humidity_lag_4,0.011935507
2,district__district_Gampaha,0.011764021
2,numeric__temperature_rolling_4,0.011712564
2,numeric__temperature_lag_2,0.011289321
2,numeric__cases_lag_4,0.011092613
2,numeric__temperature_min_current,0.011064025
2,district__district_Jaffna,0.009760043
2,numeric__humidity_lag_1,0.009671128
2,numeric__temperature_current,0.00928528
2,district__district_Kalutara,0.008917063
2,numeric__humidity_current,0.0086210165
2,numeric__rainfall_lag_4,0.008605004
2,numeric__rain_days_lag_1,0.008527294
2,numeric__temperature_max_current,0.007944485
2,numeric__rain_days_current,0.0077200662
2,numeric__rainfall_lag_2,0.007681502
2,numeric__cases_lag_3,0.0076694046
2,numeric__temperature_lag_1,0.0073809605
2,district__district_Colombo,0.007174591
2,numeric__rainfall_current,0.006543043
2,numeric__rain_days_lag_2,0.005744898
2,numeric__rainfall_lag_1,0.005708054
2,numeric__rain_days_lag_3,0.0055250544
2,district__district_Batticaloa,0.00504405
2,numeric__rain_days_lag_4,0.0048644794
2,district__district_Kurunegala,0.0034356655
2,district__district_Kegalle,0.0034180651
2,district__district_Trincomalee,0.0031250955
2,district__district_Kandy,0.0025572972
2,district__district_Galle,0.0023254668
2,district__district_Ampara,0.0018556908
2,district__district_Badulla,0.0018216153
2,district__district_Ratnapura,0.001502381
2,district__district_Vavuniya,0.0
2,district__district_Nuwara Eliya,0.0
2,district__district_Polonnaruwa,0.0
2,district__district_Puttalam,0.0
2,district__district_Mannar,0.0
2,district__district_Kilinochchi,0.0
2,district__district_Anuradhapura,0.0
2,district__district_Hambantota,0.0
2,district__district_Matale,0.0
2,district__district_Matara,0.0
2,district__district_Monaragala,0.0
2,district__district_Mullaitivu,0.0
4,numeric__cases_current,0.27085355
4,numeric__cases_rolling_2,0.13515155
4,numeric__cases_lag_1,0.10518807
4,numeric__week_sin,0.036541037
4,numeric__temperature_lag_4,0.027009966
4,numeric__rain_days_lag_1,0.02698759
4,numeric__rainfall_rolling_4,0.023700912
4,numeric__week_cos,0.020640014
4,numeric__humidity_lag_1,0.014866469
4,numeric__cases_lag_2,0.0142538445
4,numeric__rainfall_lag_2,0.014233968
4,numeric__humidity_lag_4,0.013845393
4,numeric__humidity_lag_2,0.01370352
4,numeric__rain_days_current,0.013411748
4,numeric__temperature_rolling_4,0.013332231
4,numeric__temperature_lag_2,0.013025035
4,numeric__cases_rolling_4,0.012548886
4,numeric__temperature_min_current,0.01199305
4,district__district_Gampaha,0.011960945
4,numeric__rainfall_lag_1,0.011781628
4,numeric__cases_lag_4,0.011408769
4,numeric__temperature_lag_1,0.011391597
4,numeric__temperature_max_current,0.011297858
4,district__district_Jaffna,0.010903676
4,numeric__humidity_rolling_4,0.010732849
4,numeric__humidity_current,0.010714353
4,district__district_Colombo,0.0105549805
4,numeric__temperature_lag_3,0.009521439
4,numeric__rainfall_lag_3,0.008573488
4,numeric__rainfall_current,0.0085684275
4,numeric__cases_lag_3,0.0083178645
4,numeric__rain_days_lag_4,0.0075478884
4,numeric__temperature_current,0.0073566777
4,numeric__humidity_lag_3,0.0064451885
4,district__district_Ampara,0.0060719475
4,district__district_Batticaloa,0.005882554
4,numeric__rain_days_lag_3,0.005483687
4,district__district_Kandy,0.0053979214
4,numeric__rainfall_lag_4,0.0053668628
4,numeric__rain_days_lag_2,0.0053297332
4,district__district_Trincomalee,0.004775455
4,district__district_Kalutara,0.0036635813
4,district__district_Matara,0.0033233967
4,district__district_Ratnapura,0.00310778
4,district__district_Puttalam,0.00294017
4,district__district_Badulla,0.0028270879
4,district__district_Galle,0.002581538
4,district__district_Kegalle,0.001395007
4,district__district_Kurunegala,0.0011515721
4,district__district_Matale,0.0010766828
4,district__district_Monaragala,0.0009756467
4,district__district_Nuwara Eliya,0.00028486556
4,district__district_Vavuniya,0.0
4,district__district_Mannar,0.0
4,district__district_Polonnaruwa,0.0
4,district__district_Kilinochchi,0.0
4,district__district_Hambantota,0.0
4,district__district_Anuradhapura,0.0
4,district__district_Mullaitivu,0.0
