horizon_weeks,district,persistence_mae,rolling4_mae
1,Ampara,5.96,5.24
1,Anuradhapura,4.48,5.22
1,Badulla,6.2,6.695
1,Batticaloa,8.28,13.245
1,Colombo,35.12,41.445
1,Galle,11.96,12.02
1,Gampaha,19.16,29.425
1,Hambantota,5.6,7.61
1,Jaffna,8.2,10.42
1,Kalutara,13.08,11.53
1,Kandy,18.06,21.75
1,Kegalle,9.46,10.07
1,Kilinochchi,2.0,1.63
1,Kurunegala,9.12,10.71
1,Mannar,2.3,2.415
1,Matale,7.12,6.1
1,Matara,11.36,10.62
1,Monaragala,5.74,6.025
1,Mullaitivu,1.16,1.04
1,Nuwara Eliya,3.4,3.55
1,Polonnaruwa,3.48,3.575
1,Puttalam,5.04,5.66
1,Ratnapura,20.16,35.09
1,Trincomalee,5.22,8.06
1,Vavuniya,1.62,1.165
2,Ampara,6.54,5.755
2,Anuradhapura,5.16,5.8
2,Badulla,6.98,6.855
2,Batticaloa,10.82,15.39
2,Colombo,38.74,49.51
2,Galle,12.44,13.81
2,Gampaha,25.94,35.58
2,Hambantota,7.14,8.465
2,Jaffna,10.68,11.64
2,Kalutara,12.7,13.47
2,Kandy,19.22,25.925
2,Kegalle,9.5,11.615
2,Kilinochchi,2.02,1.635
2,Kurunegala,10.56,12.425
2,Mannar,2.0,2.725
2,Matale,6.62,6.14
2,Matara,10.3,11.97
2,Monaragala,6.48,6.675
2,Mullaitivu,1.32,1.03
2,Nuwara Eliya,4.42,3.455
2,Polonnaruwa,4.04,3.915
2,Puttalam,5.58,6.02
2,Ratnapura,27.68,41.82
2,Trincomalee,6.7,9.45
2,Vavuniya,1.5,1.285
4,Ampara,6.38,6.445
4,Anuradhapura,5.94,6.78
4,Badulla,7.32,7.365
4,Batticaloa,15.96,18.68
4,Colombo,51.0,62.14
4,Galle,15.26,16.285
4,Gampaha,35.58,45.97
4,Hambantota,9.04,9.26
4,Jaffna,11.98,14.935
4,Kalutara,14.8,14.83
4,Kandy,25.58,34.27
4,Kegalle,12.6,12.98
4,Kilinochchi,1.88,1.975
4,Kurunegala,12.42,15.415
4,Mannar,3.02,3.03
4,Matale,7.82,6.42
4,Matara,13.6,13.615
4,Monaragala,7.52,6.795
4,Mullaitivu,1.14,1.235
4,Nuwara Eliya,3.8,3.845
4,Polonnaruwa,4.62,4.43
4,Puttalam,6.4,6.675
4,Ratnapura,42.88,53.18
4,Trincomalee,9.76,11.945
4,Vavuniya,1.36,1.36
