horizon_weeks,split,model,mae,rmse,smape
1,validation,persistence,10.781538461538462,21.56674790933059,43.30974531374328
1,validation,rolling_4week_mean,14.563076923076924,32.878348030744625,46.82993660744002
1,test,persistence,8.9312,15.485632050387869,43.517773126563874
1,test,rolling_4week_mean,10.8124,20.41699782044363,43.84769865678299
2,validation,persistence,12.366923076923078,24.254912270110754,48.844465448904934
2,validation,rolling_4week_mean,17.336153846153845,40.35846589292969,50.97098503594701
2,test,persistence,10.2032,18.071812305355543,46.509916732800754
2,test,rolling_4week_mean,12.4944,23.781789251441953,47.38501424330082
4,validation,persistence,17.526153846153846,42.17664318991296,53.9522970045603
4,validation,rolling_4week_mean,22.57730769230769,54.472306831439234,59.681055694609306
4,test,persistence,13.1064,24.41338976873142,50.36278354915285
4,test,rolling_4week_mean,15.1944,29.404523461535643,53.02211965366027
