horizon_weeks,model,years_evaluated,mean_mae,std_mae,median_mae,mean_rmse,mean_smape,years_mae_better_than_persistence,mean_mae_improvement_percent,years_with_lowest_mae
1,random_forest,6,10.854992495450011,4.259883132680878,9.313609817196081,22.609520134008857,56.76885118244246,3,0.24513075384517488,2
1,persistence,6,10.959389646831156,4.3658330211414995,9.856369230769232,23.26830672062734,55.733772953759306,0,0.0,3
1,lightgbm,6,11.147811170526802,4.2509502170246565,9.284029811723464,22.712062961595816,57.51715760403349,3,-3.0850679550830566,1
2,persistence,6,12.892932946298984,5.1068095466073915,11.458461538461538,27.127184846823166,59.96980635434536,0,0.0,3
2,random_forest,6,13.014073520587248,5.021510068070527,11.679121203213725,26.99725801648188,60.779891895010785,3,-1.443194236148819,2
2,lightgbm,6,13.458425586368485,5.295758209674907,11.577642139070974,27.335272344453973,62.171509397737054,2,-5.1082843535691635,1
4,persistence,6,17.34367672955975,6.616171075459574,16.413599419448477,37.28034436018752,68.03010902466114,0,0.0,4
4,random_forest,6,17.855931133173453,5.901997707734342,17.51117326358097,38.88571256563864,68.27438205373728,2,-4.156470104854373,1
4,lightgbm,6,18.217717522862717,6.155671824972403,17.5013490893854,38.614431522808665,70.05357715518123,2,-6.307587048403069,1
