test_year,horizon_weeks,model,mae,rmse,smape,selected_configuration,validation_mae,train_max_year,validation_year,train_rows,validation_rows,test_rows,persistence_mae,mae_improvement_vs_persistence,mae_improvement_vs_persistence_percent,beats_persistence,fold_mae_rank
2020,1,persistence,7.409230769230769,16.26719208903425,64.1768417874045,none,,2018,2019,5125,1300,1300,7.409230769230769,0.0,0.0,False,1
2020,1,random_forest,7.95490190287575,16.846284394963863,77.85883972600875,rf_regularized,18.122070000947925,2018,2019,5125,1300,1300,7.409230769230769,-0.5456711336449809,-7.364747443298122,False,2
2020,1,lightgbm,8.629059807532904,17.79896390221167,80.79772558287752,lgbm_conservative,19.68081587957056,2018,2019,5125,1300,1300,7.409230769230769,-1.2198290383021355,-16.463639428911712,False,3
2021,1,persistence,7.226923076923077,20.795321219336444,69.5055143469411,none,,2019,2020,6425,1300,1300,7.226923076923077,0.0,0.0,False,1
2021,1,random_forest,7.722676607649415,20.682890018483526,77.94760964061918,rf_regularized,7.997221513354512,2019,2020,6425,1300,1300,7.226923076923077,-0.4957535307263381,-6.859814688070672,False,2
2021,1,lightgbm,8.243950759828515,20.276082704004303,78.38944622131228,lgbm_balanced,8.422329827869648,2019,2020,6425,1300,1300,7.226923076923077,-1.0170276829054377,-14.072761977403609,False,3
2022,1,persistence,12.572830188679244,22.81646211392613,63.7024973347155,none,,2020,2021,7725,1300,1325,12.572830188679244,0.0,0.0,False,3
2022,1,random_forest,11.866364393434095,20.808088764602502,58.76916467284473,rf_depth12,7.646524608743734,2020,2021,7725,1300,1325,12.572830188679244,0.7064657952451494,5.61898780658997,True,1
2022,1,lightgbm,12.106167158447818,21.16659655964625,59.15191640633492,lgbm_balanced,8.157837940222572,2020,2021,7725,1300,1325,12.572830188679244,0.46666303023142675,3.711678462432562,True,2
2023,1,persistence,18.834615384615386,42.67848494174878,50.19026581318758,none,,2021,2022,9025,1325,1300,18.834615384615386,0.0,0.0,False,1
2023,1,random_forest,18.958792434348634,42.20721871760782,46.12297135963291,rf_depth12,11.772104559932844,2021,2022,9025,1325,1300,18.834615384615386,-0.12417704973324817,-0.6593022856982749,False,2
2023,1,lightgbm,19.33962967390465,42.423313334179504,46.39772708764934,lgbm_conservative,11.979203081653543,2021,2022,9025,1325,1300,18.834615384615386,-0.5050142892892637,-2.681309275376936,False,3
2024,1,persistence,10.781538461538462,21.56674790933059,43.30974531374328,none,,2022,2023,10350,1300,1300,10.781538461538462,0.0,0.0,False,3
2024,1,random_forest,10.043310292398653,19.680709970593693,41.01063448434799,rf_regularized,18.86205690910711,2022,2023,10350,1300,1300,10.781538461538462,0.7382281691398092,6.847150541393778,True,2
2024,1,lightgbm,9.833882758424698,18.758223021992993,41.21961938778747,lgbm_conservative,19.381274339903108,2022,2023,10350,1300,1300,10.781538461538462,0.9476557031137638,8.789614826254944,True,1
2025,1,persistence,8.9312,15.485632050387869,43.517773126563874,none,,2023,2024,11650,1300,1250,8.9312,0.0,0.0,False,3
2025,1,random_forest,8.58390934199351,15.431928937801727,38.903887211201194,rf_depth12,9.878876132611364,2023,2024,11650,1300,1250,8.9312,0.34729065800649117,3.8885105921543706,True,1
2025,1,lightgbm,8.734176865022228,15.849198247540166,39.14651093823941,lgbm_conservative,9.76868685704676,2023,2024,11650,1300,1250,8.9312,0.19702313497777268,2.206009662506412,True,2
2020,2,persistence,10.55,24.326133462405597,65.14783950310037,none,,2018,2019,5100,1300,1300,10.55,0.0,0.0,False,1
2020,2,random_forest,11.381352112814424,25.11459521880219,83.83651505520103,rf_depth12,24.13895378450785,2018,2019,5100,1300,1300,10.55,-0.8313521128144234,-7.880114813406856,False,2
2020,2,lightgbm,11.665133561608787,24.95376525976753,86.9311036511992,lgbm_conservative,23.810061890705082,2018,2019,5100,1300,1300,10.55,-1.1151335616087863,-10.569986365960059,False,3
2021,2,persistence,8.264615384615384,22.247696509976038,75.58683541276497,none,,2019,2020,6400,1300,1300,8.264615384615384,0.0,0.0,False,1
2021,2,random_forest,8.852505949929116,22.893801573076683,80.93202176107843,rf_depth12,11.338462287993837,2019,2020,6400,1300,1300,8.264615384615384,-0.5878905653137316,-7.113344517012762,False,2
2021,2,lightgbm,9.903153608781272,23.54938458164108,84.45207100434259,lgbm_balanced,11.570170942686316,2019,2020,6400,1300,1300,8.264615384615384,-1.6385382241658881,-19.825946494933493,False,3
2022,2,persistence,13.291320754716981,23.285058777339408,67.53044018226481,none,,2020,2021,7700,1300,1325,13.291320754716981,0.0,0.0,False,2
2022,2,random_forest,13.114104558321472,22.592091628652458,61.76771257277889,rf_depth12,8.863472969584915,2020,2021,7700,1300,1325,13.291320754716981,0.17721619639550923,1.333322697314461,True,1
2022,2,lightgbm,13.699264423089957,23.771143740142314,62.84323106203305,lgbm_balanced,9.939963787444267,2020,2021,7700,1300,1325,13.291320754716981,-0.407943668372976,-3.069248541219654,False,3
2023,2,persistence,22.681538461538462,50.577495755751656,56.1993408462363,none,,2021,2022,9000,1325,1300,22.681538461538462,0.0,0.0,False,1
2023,2,random_forest,22.796626953515055,50.15552800710431,51.03547907429246,rf_depth12,13.147476771609382,2021,2022,9000,1325,1300,22.681538461538462,-0.11508849197659288,-0.5074104306096816,False,2
2023,2,lightgbm,23.903031948628474,51.936604763506416,51.536481628306824,lgbm_conservative,13.681851766504504,2021,2022,9000,1325,1300,22.681538461538462,-1.2214934870900116,-5.385408442030167,False,3
2024,2,persistence,12.366923076923078,24.254912270110754,48.844465448904934,none,,2022,2023,10325,1300,1300,12.366923076923078,0.0,0.0,False,3
2024,2,random_forest,11.976890293613026,23.505530096911148,44.728844705155126,rf_regularized,22.924405485668583,2022,2023,10325,1300,1300,12.366923076923078,0.3900327833100512,3.1538385165333493,True,2
2024,2,lightgbm,11.490150716533163,20.932727151499915,44.788000841176974,lgbm_conservative,23.793535472829817,2022,2023,10325,1300,1300,12.366923076923078,0.8767723603899142,7.0896564564712845,True,1
2025,2,persistence,10.2032,18.071812305355543,46.509916732800754,none,,2023,2024,11625,1300,1250,10.2032,0.0,0.0,False,3
2025,2,random_forest,9.962961255330397,17.7220015743445,42.37877820155876,rf_depth12,11.728668529523535,2023,2024,11625,1300,1250,10.2032,0.24023874466960393,2.3545431302885755,True,1
2025,2,lightgbm,10.089819259569255,18.868008570166584,42.478168199363694,lgbm_conservative,11.722103892729258,2023,2024,11625,1300,1250,10.2032,0.11338074043074542,1.1112272662571097,True,2
2020,4,persistence,17.481538461538463,41.414564513539844,79.74042339721811,none,,2018,2019,5050,1300,1300,17.481538461538463,0.0,0.0,False,1
2020,4,random_forest,18.955424658939734,43.42537944148543,95.57565108592237,rf_depth12,33.86716384937209,2018,2019,5050,1300,1300,17.481538461538463,-1.4738861974012707,-8.431101190801952,False,2
2020,4,lightgbm,19.55192263356265,44.92140293773883,98.26373907155202,lgbm_conservative,30.296337408019674,2018,2019,5050,1300,1300,17.481538461538463,-2.0703841720241876,-11.8432606865768,False,3
2021,4,persistence,10.830769230769231,26.966703115566,85.75948087099309,none,,2019,2020,6350,1300,1300,10.830769230769231,0.0,0.0,False,1
2021,4,random_forest,11.699101299386573,29.16975076281677,87.89206640203959,rf_regularized,18.87717032844057,2019,2020,6350,1300,1300,10.830769230769231,-0.8683320686173417,-8.017270519904434,False,2
2021,4,lightgbm,12.49560776505371,28.122123666159982,92.83643944200496,lgbm_balanced,19.116021403296333,2019,2020,6350,1300,1300,10.830769230769231,-1.6648385342844794,-15.371378512569766,False,3
2022,4,persistence,15.34566037735849,25.355837406128746,72.56064521729304,none,,2020,2021,7650,1300,1325,15.34566037735849,0.0,0.0,False,1
2022,4,random_forest,16.689469952874305,28.518670817688346,68.40086939767853,rf_depth12,11.571892656483477,2020,2021,7650,1300,1325,15.34566037735849,-1.3438095755158148,-8.756935462344243,False,2
2022,4,lightgbm,17.37070724507642,30.719361771652814,69.43964583489394,lgbm_balanced,12.573886403371434,2020,2021,7650,1300,1325,15.34566037735849,-2.025046867717931,-13.196218461251458,False,3
2023,4,persistence,29.771538461538462,63.35492816724618,65.80502410874948,none,,2021,2022,8950,1325,1300,29.771538461538462,0.0,0.0,False,3
2023,4,random_forest,28.376290601952707,58.518064898184825,57.8353273947862,rf_depth12,16.756002253662846,2021,2022,8950,1325,1300,29.771538461538462,1.395247859585755,4.686515819087619,True,1
2023,4,lightgbm,29.402650018834628,63.23265342293279,58.92351704758198,lgbm_conservative,17.341484068101188,2021,2022,8950,1325,1300,29.771538461538462,0.3688884427038346,1.239064091969576,True,2
2024,4,persistence,17.526153846153846,42.17664318991296,53.9522970045603,none,,2022,2023,10275,1300,1300,17.526153846153846,0.0,0.0,False,1
2024,4,random_forest,18.33287657428764,48.98545223054662,52.253725930578746,rf_regularized,28.27445625296345,2022,2023,10275,1300,1300,17.526153846153846,-0.8067227281337921,-4.602965004274622,False,3
2024,4,lightgbm,17.631990933694382,39.86037709876854,53.43435419859353,lgbm_conservative,29.088568724995778,2022,2023,10275,1300,1300,17.526153846153846,-0.10583708754053589,-0.6038808541199818,False,2
2025,4,persistence,13.1064,24.41338976873142,50.36278354915285,none,,2023,2024,11575,1300,1250,13.1064,0.0,0.0,False,3
2025,4,random_forest,13.082423711599745,24.696957243109857,47.688652111418314,rf_depth12,17.92579885725396,2023,2024,11575,1300,1250,13.1064,0.023976288400255896,0.18293572911139516,True,2
2025,4,lightgbm,12.853426540954512,24.83067023959902,47.423767336460934,lgbm_conservative,17.605371022728296,2023,2024,11575,1300,1250,13.1064,0.2529734590454886,1.9301521321300177,True,1
