feature,mean_abs_shap,mean_signed_shap
cases_current,23.782808409447544,-3.9097274281052687
cases_lag_1,7.455528853165387,-1.971861676086864
cases_rolling_2,5.064476555377759,0.7145012884585167
cases_rolling_4,2.8464032214235027,2.0948934715537337
cases_lag_4,1.156652283679992,1.156652283679992
rainfall_rolling_4,0.7563590017748687,-0.7440061715193067
cases_lag_3,0.741927837697786,0.6818105232404907
rainfall_lag_4,0.550543603451746,-0.5502387746584975
week_cos,0.3515658794491619,-0.3515658794491619
cases_lag_2,0.3485119735642077,0.232861178441642
rainfall_lag_3,0.2817411043835004,-0.27976539660367533
temperature_lag_1,0.1919942592766382,0.17280253311580626
rainfall_lag_2,0.18451003305101643,-0.17196386329910532
rainfall_lag_1,0.178236995968351,-0.1678487489833842
humidity_lag_3,0.16344828164992645,0.020786404317037314
temperature_min_current,0.15720301699261027,-0.03753763271051302
humidity_lag_1,0.15673927392159875,-0.0731912898313136
rainfall_current,0.15255886467968569,-0.14019834095378556
humidity_rolling_4,0.15067140469767473,-0.017134400148067955
week_sin,0.1501709222667787,-0.13808805661209492
humidity_lag_2,0.12474898406998322,-0.0030005051929525585
rain_days_lag_1,0.12446580586046167,-0.016373464501493108
humidity_current,0.12414704225575729,0.02577777066769652
temperature_max_current,0.10807319210199527,0.07458009407354195
temperature_lag_3,0.0990804685780346,0.04059583794423536
temperature_lag_2,0.08504935613239416,0.021280137051080214
rain_days_lag_4,0.08310751568180041,-0.018021336011579965
district=Colombo,0.06272922503168511,-0.021214318059626147
humidity_lag_4,0.06075129770614406,0.01569283995761398
temperature_current,0.054015873457820905,-0.0032941074271482652
rain_days_current,0.04253828939272838,-0.0014183792460629534
rain_days_lag_3,0.0412757952798908,-0.0128592224662171
district=Gampaha,0.04101508728410743,0.00017175569143620937
temperature_rolling_4,0.03953483096876632,0.0054641842820631085
temperature_lag_4,0.039493408832165795,0.012481493594629125
rain_days_lag_2,0.03937261568901119,0.011234164618411526
district=Kurunegala,0.03466913782564937,0.0059869864814775684
district=Kegalle,0.02464501430081596,-0.006206289818052595
district=Jaffna,0.024494073883702724,-0.004652505156417424
district=Kandy,0.021823574837157005,-0.0052794541590463
district=Kalutara,0.01799146487865343,0.002182420362968474
district=Trincomalee,0.01328564877668183,-0.0048544143753530685
district=Hambantota,0.009155108900352623,-0.0034111909696033175
district=Ampara,0.008484629347248288,-0.0015123071824611207
district=Anuradhapura,0.007723668538509287,0.0018625571453593636
district=Batticaloa,0.007718901770370311,-0.00315442230815811
district=Polonnaruwa,0.007553372145353739,0.0021832550431151866
district=Puttalam,0.007449611007264894,-0.00014407675921203366
district=Galle,0.006367665977883769,0.0029372222124404317
district=Matara,0.0037989788929830457,-0.0009706136897908585
district=Monaragala,0.00338893294165077,0.00048561243214744886
district=Mannar,0.0033028654488223993,0.0006372839126471365
district=Badulla,0.0032736506399810707,0.00034336144854255177
district=Ratnapura,0.003199462508234712,0.000814692254701683
district=Matale,0.0022569234102332494,0.0002521032902823
district=Vavuniya,0.0008089369781306135,-0.00010249661975512442
district=Kilinochchi,0.0003031701027614481,-6.813428072777586e-05
district=Mullaitivu,0.00013418570415852174,3.906270993657221e-06
district=Nuwara Eliya,4.6997179824321426e-05,2.809922463045361e-05
