feature,feature_value,shap_value,abs_shap_value,direction,contribution_rank,district,feature_friendly,forecast_cases_1w,base_value,forecast_origin_date,target_start_date
cases_rolling_2,49.5,3.8814223244097152,3.8814223244097152,increases_prediction,1,Ampara,Recent 2-week case average,42.94099722126825,44.56560680751174,2026-09-13,2026-09-14
cases_current,41.0,-3.6915849443272655,3.6915849443272655,decreases_prediction,2,Ampara,Current dengue cases,42.94099722126825,44.56560680751174,2026-09-13,2026-09-14
cases_lag_1,44.0,-3.54323761648765,3.54323761648765,decreases_prediction,3,Ampara,Cases 1 week ago,42.94099722126825,44.56560680751174,2026-09-13,2026-09-14
cases_rolling_4,54.25,2.1614588535858514,2.1614588535858514,increases_prediction,4,Ampara,Recent 4-week case average,42.94099722126825,44.56560680751174,2026-09-13,2026-09-14
rainfall_rolling_4,13.6,-2.0471305216163107,2.0471305216163107,decreases_prediction,5,Ampara,Recent 4-week rainfall,42.94099722126825,44.56560680751174,2026-09-13,2026-09-14
rainfall_lag_4,1.9,-1.5319444894557168,1.5319444894557168,decreases_prediction,6,Ampara,Rainfall 4 weeks ago,42.94099722126825,44.56560680751174,2026-09-13,2026-09-14
humidity_current,63.363095238095234,1.4439268120072473,1.4439268120072473,increases_prediction,7,Ampara,Current humidity,42.94099722126825,44.56560680751174,2026-09-13,2026-09-14
humidity_rolling_4,56.6220238095238,1.2339750156603717,1.2339750156603717,increases_prediction,8,Ampara,Humidity Rolling 4,42.94099722126825,44.56560680751174,2026-09-13,2026-09-14
humidity_lag_2,56.79166666666667,0.8486929611948056,0.8486929611948056,increases_prediction,9,Ampara,Humidity 2 weeks ago,42.94099722126825,44.56560680751174,2026-09-13,2026-09-14
humidity_lag_3,53.47023809523809,0.6689601905945276,0.6689601905945276,increases_prediction,10,Ampara,Humidity 3 weeks ago,42.94099722126825,44.56560680751174,2026-09-13,2026-09-14
cases_current,11.0,-21.181761570919043,21.181761570919043,decreases_prediction,1,Anuradhapura,Current dengue cases,16.15811597379023,44.56560680751174,2026-09-13,2026-09-14
cases_lag_1,30.0,-5.028583479670789,5.028583479670789,decreases_prediction,2,Anuradhapura,Cases 1 week ago,16.15811597379023,44.56560680751174,2026-09-13,2026-09-14
cases_rolling_4,31.0,2.7696612429731395,2.7696612429731395,increases_prediction,3,Anuradhapura,Recent 4-week case average,16.15811597379023,44.56560680751174,2026-09-13,2026-09-14
cases_rolling_2,22.5,-1.2430689376581054,1.2430689376581054,decreases_prediction,4,Anuradhapura,Recent 2-week case average,16.15811597379023,44.56560680751174,2026-09-13,2026-09-14
rainfall_rolling_4,12.2,-1.1314537860584253,1.1314537860584253,decreases_prediction,5,Anuradhapura,Recent 4-week rainfall,16.15811597379023,44.56560680751174,2026-09-13,2026-09-14
rainfall_lag_4,2.7,-0.6939862832212126,0.6939862832212126,decreases_prediction,6,Anuradhapura,Rainfall 4 weeks ago,16.15811597379023,44.56560680751174,2026-09-13,2026-09-14
cases_lag_4,37.0,0.49325577452546016,0.49325577452546016,increases_prediction,7,Anuradhapura,Cases 4 weeks ago,16.15811597379023,44.56560680751174,2026-09-13,2026-09-14
cases_lag_3,42.0,0.43472889818599875,0.43472889818599875,increases_prediction,8,Anuradhapura,Cases 3 weeks ago,16.15811597379023,44.56560680751174,2026-09-13,2026-09-14
rainfall_lag_3,2.8,-0.4244797724098485,0.4244797724098485,decreases_prediction,9,Anuradhapura,Rainfall 3 weeks ago,16.15811597379023,44.56560680751174,2026-09-13,2026-09-14
week_cos,-0.3524387108846032,-0.4095166181625153,0.4095166181625153,decreases_prediction,10,Anuradhapura,Seasonal timing,16.15811597379023,44.56560680751174,2026-09-13,2026-09-14
cases_current,25.0,-15.078097282579122,15.078097282579122,decreases_prediction,1,Badulla,Current dengue cases,22.074517030256086,44.56560680751174,2026-09-13,2026-09-14
cases_lag_1,23.0,-6.849737198065098,6.849737198065098,decreases_prediction,2,Badulla,Cases 1 week ago,22.074517030256086,44.56560680751174,2026-09-13,2026-09-14
cases_rolling_4,38.75,2.4995590489395565,2.4995590489395565,increases_prediction,3,Badulla,Recent 4-week case average,22.074517030256086,44.56560680751174,2026-09-13,2026-09-14
cases_rolling_2,24.0,-1.282866657539241,1.282866657539241,decreases_prediction,4,Badulla,Recent 2-week case average,22.074517030256086,44.56560680751174,2026-09-13,2026-09-14
rainfall_rolling_4,14.9,-1.2361977512280289,1.2361977512280289,decreases_prediction,5,Badulla,Recent 4-week rainfall,22.074517030256086,44.56560680751174,2026-09-13,2026-09-14
rainfall_lag_4,1.5,-0.8108650692257647,0.8108650692257647,decreases_prediction,6,Badulla,Rainfall 4 weeks ago,22.074517030256086,44.56560680751174,2026-09-13,2026-09-14
cases_lag_4,65.0,0.6151763945653601,0.6151763945653601,increases_prediction,7,Badulla,Cases 4 weeks ago,22.074517030256086,44.56560680751174,2026-09-13,2026-09-14
humidity_lag_3,60.54761904761904,0.57011472911416,0.57011472911416,increases_prediction,8,Badulla,Humidity 3 weeks ago,22.074517030256086,44.56560680751174,2026-09-13,2026-09-14
week_cos,-0.3524387108846032,-0.5108288766616973,0.5108288766616973,decreases_prediction,9,Badulla,Seasonal timing,22.074517030256086,44.56560680751174,2026-09-13,2026-09-14
cases_lag_3,42.0,0.369143055689126,0.369143055689126,increases_prediction,10,Badulla,Cases 3 weeks ago,22.074517030256086,44.56560680751174,2026-09-13,2026-09-14
cases_current,13.0,-21.5500642008078,21.5500642008078,decreases_prediction,1,Batticaloa,Current dengue cases,14.413728289330141,44.56560680751174,2026-09-13,2026-09-14
cases_lag_1,21.0,-6.166491468716016,6.166491468716016,decreases_prediction,2,Batticaloa,Cases 1 week ago,14.413728289330141,44.56560680751174,2026-09-13,2026-09-14
cases_rolling_2,19.0,-1.8835925675139822,1.8835925675139822,decreases_prediction,3,Batticaloa,Recent 2-week case average,14.413728289330141,44.56560680751174,2026-09-13,2026-09-14
cases_rolling_4,23.5,1.2066787898532525,1.2066787898532525,increases_prediction,4,Batticaloa,Recent 4-week case average,14.413728289330141,44.56560680751174,2026-09-13,2026-09-14
rainfall_rolling_4,5.5,-0.9190220390127593,0.9190220390127593,decreases_prediction,5,Batticaloa,Recent 4-week rainfall,14.413728289330141,44.56560680751174,2026-09-13,2026-09-14
rainfall_lag_4,0.5,-0.587549979933647,0.587549979933647,decreases_prediction,6,Batticaloa,Rainfall 4 weeks ago,14.413728289330141,44.56560680751174,2026-09-13,2026-09-14
humidity_lag_3,53.773809523809526,0.48609106839593896,0.48609106839593896,increases_prediction,7,Batticaloa,Humidity 3 weeks ago,14.413728289330141,44.56560680751174,2026-09-13,2026-09-14
cases_lag_4,32.0,0.4099824376535743,0.4099824376535743,increases_prediction,8,Batticaloa,Cases 4 weeks ago,14.413728289330141,44.56560680751174,2026-09-13,2026-09-14
week_cos,-0.3524387108846032,-0.3814697428522838,0.3814697428522838,decreases_prediction,9,Batticaloa,Seasonal timing,14.413728289330141,44.56560680751174,2026-09-13,2026-09-14
temperature_lag_2,31.7,0.25074736882108706,0.25074736882108706,increases_prediction,10,Batticaloa,Temperature 2 weeks ago,14.413728289330141,44.56560680751174,2026-09-13,2026-09-14
cases_current,207.0,77.75834516996902,77.75834516996902,increases_prediction,1,Colombo,Current dengue cases,176.71708377037925,44.56560680751174,2026-09-13,2026-09-14
cases_lag_1,222.0,26.837151441081172,26.837151441081172,increases_prediction,2,Colombo,Cases 1 week ago,176.71708377037925,44.56560680751174,2026-09-13,2026-09-14
cases_rolling_2,258.5,21.089782566480473,21.089782566480473,increases_prediction,3,Colombo,Recent 2-week case average,176.71708377037925,44.56560680751174,2026-09-13,2026-09-14
cases_rolling_4,395.75,5.977561971025527,5.977561971025527,increases_prediction,4,Colombo,Recent 4-week case average,176.71708377037925,44.56560680751174,2026-09-13,2026-09-14
cases_lag_4,625.0,2.7114647461148014,2.7114647461148014,increases_prediction,5,Colombo,Cases 4 weeks ago,176.71708377037925,44.56560680751174,2026-09-13,2026-09-14
cases_lag_2,295.0,2.2991165194982304,2.2991165194982304,increases_prediction,6,Colombo,Cases 2 weeks ago,176.71708377037925,44.56560680751174,2026-09-13,2026-09-14
week_sin,-0.935834897334994,-0.9884578653853432,0.9884578653853432,decreases_prediction,7,Colombo,Seasonal timing,176.71708377037925,44.56560680751174,2026-09-13,2026-09-14
temperature_min_current,25.1,-0.9243549065640572,0.9243549065640572,decreases_prediction,8,Colombo,Temperature Min Current,176.71708377037925,44.56560680751174,2026-09-13,2026-09-14
rainfall_lag_2,44.2,-0.9212728385942675,0.9212728385942675,decreases_prediction,9,Colombo,Rainfall 2 weeks ago,176.71708377037925,44.56560680751174,2026-09-13,2026-09-14
rainfall_lag_4,33.6,-0.8227705236698373,0.8227705236698373,decreases_prediction,10,Colombo,Rainfall 4 weeks ago,176.71708377037925,44.56560680751174,2026-09-13,2026-09-14
cases_current,69.0,5.905789905030234,5.905789905030234,increases_prediction,1,Galle,Current dengue cases,53.96928098945781,44.56560680751174,2026-09-13,2026-09-14
cases_rolling_4,78.25,5.418108355888308,5.418108355888308,increases_prediction,2,Galle,Recent 4-week case average,53.96928098945781,44.56560680751174,2026-09-13,2026-09-14
cases_lag_1,47.0,-4.947771065603323,4.947771065603323,decreases_prediction,3,Galle,Cases 1 week ago,53.96928098945781,44.56560680751174,2026-09-13,2026-09-14
cases_lag_4,120.0,3.248409086286267,3.248409086286267,increases_prediction,4,Galle,Cases 4 weeks ago,53.96928098945781,44.56560680751174,2026-09-13,2026-09-14
cases_lag_3,92.0,1.1245439049134802,1.1245439049134802,increases_prediction,5,Galle,Cases 3 weeks ago,53.96928098945781,44.56560680751174,2026-09-13,2026-09-14
cases_rolling_2,50.5,-0.42482622997189945,0.42482622997189945,decreases_prediction,6,Galle,Recent 2-week case average,53.96928098945781,44.56560680751174,2026-09-13,2026-09-14
week_cos,-0.3524387108846032,-0.3864955246443492,0.3864955246443492,decreases_prediction,7,Galle,Seasonal timing,53.96928098945781,44.56560680751174,2026-09-13,2026-09-14
week_sin,-0.935834897334994,-0.3149215061831089,0.3149215061831089,decreases_prediction,8,Galle,Seasonal timing,53.96928098945781,44.56560680751174,2026-09-13,2026-09-14
humidity_lag_2,89.51190476190474,0.20692268817739293,0.20692268817739293,increases_prediction,9,Galle,Humidity 2 weeks ago,53.96928098945781,44.56560680751174,2026-09-13,2026-09-14
rain_days_lag_1,7.0,0.17446789519005082,0.17446789519005082,increases_prediction,10,Galle,Rain Days Lag 1,53.96928098945781,44.56560680751174,2026-09-13,2026-09-14
cases_current,218.0,80.07773643013601,80.07773643013601,increases_prediction,1,Gampaha,Current dengue cases,184.12539057092718,44.56560680751174,2026-09-13,2026-09-14
cases_lag_1,224.0,29.005358024633416,29.005358024633416,increases_prediction,2,Gampaha,Cases 1 week ago,184.12539057092718,44.56560680751174,2026-09-13,2026-09-14
cases_rolling_2,246.5,22.093446502370604,22.093446502370604,increases_prediction,3,Gampaha,Recent 2-week case average,184.12539057092718,44.56560680751174,2026-09-13,2026-09-14
cases_rolling_4,366.75,6.28230748399405,6.28230748399405,increases_prediction,4,Gampaha,Recent 4-week case average,184.12539057092718,44.56560680751174,2026-09-13,2026-09-14
cases_lag_4,605.0,2.818524695078539,2.818524695078539,increases_prediction,5,Gampaha,Cases 4 weeks ago,184.12539057092718,44.56560680751174,2026-09-13,2026-09-14
cases_lag_2,269.0,2.5985595728734006,2.5985595728734006,increases_prediction,6,Gampaha,Cases 2 weeks ago,184.12539057092718,44.56560680751174,2026-09-13,2026-09-14
rainfall_lag_2,44.2,-1.1219741096130478,1.1219741096130478,decreases_prediction,7,Gampaha,Rainfall 2 weeks ago,184.12539057092718,44.56560680751174,2026-09-13,2026-09-14
temperature_lag_1,28.04285714285714,0.9225747063416844,0.9225747063416844,increases_prediction,8,Gampaha,Temperature 1 week ago,184.12539057092718,44.56560680751174,2026-09-13,2026-09-14
rainfall_lag_4,33.6,-0.8270300603941079,0.8270300603941079,decreases_prediction,9,Gampaha,Rainfall 4 weeks ago,184.12539057092718,44.56560680751174,2026-09-13,2026-09-14
cases_lag_3,369.0,0.8093850983510484,0.8093850983510484,increases_prediction,10,Gampaha,Cases 3 weeks ago,184.12539057092718,44.56560680751174,2026-09-13,2026-09-14
cases_current,22.0,-14.979401044097381,14.979401044097381,decreases_prediction,1,Hambantota,Current dengue cases,20.34061503804459,44.56560680751174,2026-09-13,2026-09-14
cases_lag_1,21.0,-6.192146329458943,6.192146329458943,decreases_prediction,2,Hambantota,Cases 1 week ago,20.34061503804459,44.56560680751174,2026-09-13,2026-09-14
cases_rolling_2,18.0,-2.944625402487848,2.944625402487848,decreases_prediction,3,Hambantota,Recent 2-week case average,20.34061503804459,44.56560680751174,2026-09-13,2026-09-14
cases_rolling_4,33.0,2.6755077500968256,2.6755077500968256,increases_prediction,4,Hambantota,Recent 4-week case average,20.34061503804459,44.56560680751174,2026-09-13,2026-09-14
rainfall_rolling_4,14.1,-1.0189244679716494,1.0189244679716494,decreases_prediction,5,Hambantota,Recent 4-week rainfall,20.34061503804459,44.56560680751174,2026-09-13,2026-09-14
cases_lag_3,45.0,0.8508082278794444,0.8508082278794444,increases_prediction,6,Hambantota,Cases 3 weeks ago,20.34061503804459,44.56560680751174,2026-09-13,2026-09-14
rainfall_lag_4,3.0,-0.6748955240637395,0.6748955240637395,decreases_prediction,7,Hambantota,Rainfall 4 weeks ago,20.34061503804459,44.56560680751174,2026-09-13,2026-09-14
cases_lag_4,51.0,0.5171765759658787,0.5171765759658787,increases_prediction,8,Hambantota,Cases 4 weeks ago,20.34061503804459,44.56560680751174,2026-09-13,2026-09-14
week_cos,-0.3524387108846032,-0.4995576859778685,0.4995576859778685,decreases_prediction,9,Hambantota,Seasonal timing,20.34061503804459,44.56560680751174,2026-09-13,2026-09-14
rainfall_lag_3,5.7,-0.3994899629254367,0.3994899629254367,decreases_prediction,10,Hambantota,Rainfall 3 weeks ago,20.34061503804459,44.56560680751174,2026-09-13,2026-09-14
cases_current,22.0,-15.092720052914121,15.092720052914121,decreases_prediction,1,Jaffna,Current dengue cases,20.4288793049553,44.56560680751174,2026-09-13,2026-09-14
cases_lag_1,19.0,-6.417973323055606,6.417973323055606,decreases_prediction,2,Jaffna,Cases 1 week ago,20.4288793049553,44.56560680751174,2026-09-13,2026-09-14
cases_rolling_2,18.0,-1.8580977803514316,1.8580977803514316,decreases_prediction,3,Jaffna,Recent 2-week case average,20.4288793049553,44.56560680751174,2026-09-13,2026-09-14
cases_rolling_4,15.25,0.8908666677985057,0.8908666677985057,increases_prediction,4,Jaffna,Recent 4-week case average,20.4288793049553,44.56560680751174,2026-09-13,2026-09-14
rainfall_rolling_4,32.8,-0.6643888809666076,0.6643888809666076,decreases_prediction,5,Jaffna,Recent 4-week rainfall,20.4288793049553,44.56560680751174,2026-09-13,2026-09-14
rainfall_lag_4,7.4,-0.5184464375971964,0.5184464375971964,decreases_prediction,6,Jaffna,Rainfall 4 weeks ago,20.4288793049553,44.56560680751174,2026-09-13,2026-09-14
week_cos,-0.3524387108846032,-0.3410513889972679,0.3410513889972679,decreases_prediction,7,Jaffna,Seasonal timing,20.4288793049553,44.56560680751174,2026-09-13,2026-09-14
district=Jaffna,1.0,0.24801960909106627,0.24801960909106627,increases_prediction,8,Jaffna,District identity,20.4288793049553,44.56560680751174,2026-09-13,2026-09-14
rainfall_lag_1,0.2,-0.23742884503218928,0.23742884503218928,decreases_prediction,9,Jaffna,Rainfall 1 week ago,20.4288793049553,44.56560680751174,2026-09-13,2026-09-14
cases_lag_2,17.0,-0.21442501176708426,0.21442501176708426,decreases_prediction,10,Jaffna,Cases 2 weeks ago,20.4288793049553,44.56560680751174,2026-09-13,2026-09-14
cases_current,73.0,8.882723401264418,8.882723401264418,increases_prediction,1,Kalutara,Current dengue cases,72.55843565350018,44.56560680751174,2026-09-13,2026-09-14
cases_rolling_2,82.5,8.122602188690664,8.122602188690664,increases_prediction,2,Kalutara,Recent 2-week case average,72.55843565350018,44.56560680751174,2026-09-13,2026-09-14
cases_rolling_4,116.75,5.625653105820226,5.625653105820226,increases_prediction,3,Kalutara,Recent 4-week case average,72.55843565350018,44.56560680751174,2026-09-13,2026-09-14
cases_lag_4,165.0,3.6478248411443954,3.6478248411443954,increases_prediction,4,Kalutara,Cases 4 weeks ago,72.55843565350018,44.56560680751174,2026-09-13,2026-09-14
cases_lag_3,137.0,1.8663544191706372,1.8663544191706372,increases_prediction,5,Kalutara,Cases 3 weeks ago,72.55843565350018,44.56560680751174,2026-09-13,2026-09-14
cases_lag_1,71.0,-0.5073753939069352,0.5073753939069352,decreases_prediction,6,Kalutara,Cases 1 week ago,72.55843565350018,44.56560680751174,2026-09-13,2026-09-14
rain_days_lag_1,7.0,0.34038505602690905,0.34038505602690905,increases_prediction,7,Kalutara,Rain Days Lag 1,72.55843565350018,44.56560680751174,2026-09-13,2026-09-14
week_cos,-0.3524387108846032,-0.3269317934316292,0.3269317934316292,decreases_prediction,8,Kalutara,Seasonal timing,72.55843565350018,44.56560680751174,2026-09-13,2026-09-14
district=Kalutara,1.0,0.23687750596605822,0.23687750596605822,increases_prediction,9,Kalutara,District identity,72.55843565350018,44.56560680751174,2026-09-13,2026-09-14
temperature_lag_1,27.942857142857143,0.17986677866839845,0.17986677866839845,increases_prediction,10,Kalutara,Temperature 1 week ago,72.55843565350018,44.56560680751174,2026-09-13,2026-09-14
cases_current,174.0,69.53272885257344,69.53272885257344,increases_prediction,1,Kandy,Current dengue cases,137.28293683366738,44.56560680751174,2026-09-13,2026-09-14
cases_lag_1,158.0,12.70333024776696,12.70333024776696,increases_prediction,2,Kandy,Cases 1 week ago,137.28293683366738,44.56560680751174,2026-09-13,2026-09-14
cases_rolling_2,154.0,9.514966432861097,9.514966432861097,increases_prediction,3,Kandy,Recent 2-week case average,137.28293683366738,44.56560680751174,2026-09-13,2026-09-14
cases_rolling_4,192.0,7.154265877366858,7.154265877366858,increases_prediction,4,Kandy,Recent 4-week case average,137.28293683366738,44.56560680751174,2026-09-13,2026-09-14
cases_lag_4,273.0,4.044398604315896,4.044398604315896,increases_prediction,5,Kandy,Cases 4 weeks ago,137.28293683366738,44.56560680751174,2026-09-13,2026-09-14
rainfall_rolling_4,22.6,-3.4646800393913826,3.4646800393913826,decreases_prediction,6,Kandy,Recent 4-week rainfall,137.28293683366738,44.56560680751174,2026-09-13,2026-09-14
rainfall_lag_3,3.0000000000000004,-3.079370347211686,3.079370347211686,decreases_prediction,7,Kandy,Rainfall 3 weeks ago,137.28293683366738,44.56560680751174,2026-09-13,2026-09-14
rainfall_lag_4,4.2,-2.0125581207887047,2.0125581207887047,decreases_prediction,8,Kandy,Rainfall 4 weeks ago,137.28293683366738,44.56560680751174,2026-09-13,2026-09-14
humidity_lag_3,75.51190476190477,-0.9112327308086515,0.9112327308086515,decreases_prediction,9,Kandy,Humidity 3 weeks ago,137.28293683366738,44.56560680751174,2026-09-13,2026-09-14
cases_lag_3,187.0,0.8510143122177223,0.8510143122177223,increases_prediction,10,Kandy,Cases 3 weeks ago,137.28293683366738,44.56560680751174,2026-09-13,2026-09-14
cases_current,69.0,6.256188507805238,6.256188507805238,increases_prediction,1,Kegalle,Current dengue cases,57.45624217257179,44.56560680751174,2026-09-13,2026-09-14
cases_rolling_4,76.25,5.323962504161217,5.323962504161217,increases_prediction,2,Kegalle,Recent 4-week case average,57.45624217257179,44.56560680751174,2026-09-13,2026-09-14
cases_lag_1,58.0,-2.6361669738659543,2.6361669738659543,decreases_prediction,3,Kegalle,Cases 1 week ago,57.45624217257179,44.56560680751174,2026-09-13,2026-09-14
cases_rolling_2,60.5,2.2530277089536055,2.2530277089536055,increases_prediction,4,Kegalle,Recent 2-week case average,57.45624217257179,44.56560680751174,2026-09-13,2026-09-14
cases_lag_4,101.0,2.027716530414064,2.027716530414064,increases_prediction,5,Kegalle,Cases 4 weeks ago,57.45624217257179,44.56560680751174,2026-09-13,2026-09-14
cases_lag_3,83.0,0.7282997402893211,0.7282997402893211,increases_prediction,6,Kegalle,Cases 3 weeks ago,57.45624217257179,44.56560680751174,2026-09-13,2026-09-14
week_cos,-0.3524387108846032,-0.3206290766990547,0.3206290766990547,decreases_prediction,7,Kegalle,Seasonal timing,57.45624217257179,44.56560680751174,2026-09-13,2026-09-14
rainfall_lag_4,27.6,-0.2958865391493382,0.2958865391493382,decreases_prediction,8,Kegalle,Rainfall 4 weeks ago,57.45624217257179,44.56560680751174,2026-09-13,2026-09-14
district=Kegalle,1.0,0.2304840560345421,0.2304840560345421,increases_prediction,9,Kegalle,District identity,57.45624217257179,44.56560680751174,2026-09-13,2026-09-14
rainfall_rolling_4,99.0,-0.1850305199138163,0.1850305199138163,decreases_prediction,10,Kegalle,Recent 4-week rainfall,57.45624217257179,44.56560680751174,2026-09-13,2026-09-14
cases_current,3.0,-28.968480462640713,28.968480462640713,decreases_prediction,1,Kilinochchi,Current dengue cases,1.9845925208939528,44.56560680751174,2026-09-13,2026-09-14
cases_lag_1,0.0,-6.669862881765554,6.669862881765554,decreases_prediction,2,Kilinochchi,Cases 1 week ago,1.9845925208939528,44.56560680751174,2026-09-13,2026-09-14
cases_rolling_2,0.0,-5.841165857328128,5.841165857328128,decreases_prediction,3,Kilinochchi,Recent 2-week case average,1.9845925208939528,44.56560680751174,2026-09-13,2026-09-14
cases_lag_3,1.0,2.228646325050837,2.228646325050837,increases_prediction,4,Kilinochchi,Cases 3 weeks ago,1.9845925208939528,44.56560680751174,2026-09-13,2026-09-14
cases_rolling_4,2.25,-2.0370166924577737,2.0370166924577737,decreases_prediction,5,Kilinochchi,Recent 4-week case average,1.9845925208939528,44.56560680751174,2026-09-13,2026-09-14
rainfall_rolling_4,4.0,-0.7015466219517514,0.7015466219517514,decreases_prediction,6,Kilinochchi,Recent 4-week rainfall,1.9845925208939528,44.56560680751174,2026-09-13,2026-09-14
cases_lag_2,0.0,0.31901818740271976,0.31901818740271976,increases_prediction,7,Kilinochchi,Cases 2 weeks ago,1.9845925208939528,44.56560680751174,2026-09-13,2026-09-14
cases_lag_4,8.0,0.3150216689768186,0.3150216689768186,increases_prediction,8,Kilinochchi,Cases 4 weeks ago,1.9845925208939528,44.56560680751174,2026-09-13,2026-09-14
rainfall_lag_4,0.2,-0.3014705545456112,0.3014705545456112,decreases_prediction,9,Kilinochchi,Rainfall 4 weeks ago,1.9845925208939528,44.56560680751174,2026-09-13,2026-09-14
rainfall_lag_1,0.1,-0.2472784986034474,0.2472784986034474,decreases_prediction,10,Kilinochchi,Rainfall 1 week ago,1.9845925208939528,44.56560680751174,2026-09-13,2026-09-14
cases_current,38.0,-7.152596771715795,7.152596771715795,decreases_prediction,1,Kurunegala,Current dengue cases,33.80639241910331,44.56560680751174,2026-09-13,2026-09-14
cases_lag_1,29.0,-5.853430737577436,5.853430737577436,decreases_prediction,2,Kurunegala,Cases 1 week ago,33.80639241910331,44.56560680751174,2026-09-13,2026-09-14
cases_rolling_4,47.0,2.0418451705702223,2.0418451705702223,increases_prediction,3,Kurunegala,Recent 4-week case average,33.80639241910331,44.56560680751174,2026-09-13,2026-09-14
cases_rolling_2,35.5,0.6571310360188688,0.6571310360188688,increases_prediction,4,Kurunegala,Recent 2-week case average,33.80639241910331,44.56560680751174,2026-09-13,2026-09-14
rainfall_lag_4,14.8,-0.5603838884742542,0.5603838884742542,decreases_prediction,5,Kurunegala,Rainfall 4 weeks ago,33.80639241910331,44.56560680751174,2026-09-13,2026-09-14
district=Kurunegala,1.0,0.5082015538390868,0.5082015538390868,increases_prediction,6,Kurunegala,District identity,33.80639241910331,44.56560680751174,2026-09-13,2026-09-14
cases_lag_4,68.0,0.40632407767869894,0.40632407767869894,increases_prediction,7,Kurunegala,Cases 4 weeks ago,33.80639241910331,44.56560680751174,2026-09-13,2026-09-14
rainfall_current,9.1,-0.3564123794278386,0.3564123794278386,decreases_prediction,8,Kurunegala,Current rainfall,33.80639241910331,44.56560680751174,2026-09-13,2026-09-14
cases_lag_3,49.0,0.2628509891345874,0.2628509891345874,increases_prediction,9,Kurunegala,Cases 3 weeks ago,33.80639241910331,44.56560680751174,2026-09-13,2026-09-14
week_cos,-0.3524387108846032,-0.250179458785534,0.250179458785534,decreases_prediction,10,Kurunegala,Seasonal timing,33.80639241910331,44.56560680751174,2026-09-13,2026-09-14
cases_current,0.0,-29.715911360075324,29.715911360075324,decreases_prediction,1,Mannar,Current dengue cases,1.1956732273296617,44.56560680751174,2026-09-13,2026-09-14
cases_lag_1,0.0,-7.064278947296735,7.064278947296735,decreases_prediction,2,Mannar,Cases 1 week ago,1.1956732273296617,44.56560680751174,2026-09-13,2026-09-14
cases_rolling_2,0.5,-6.188006072665585,6.188006072665585,decreases_prediction,3,Mannar,Recent 2-week case average,1.1956732273296617,44.56560680751174,2026-09-13,2026-09-14
cases_rolling_4,1.0,-2.4979919719113846,2.4979919719113846,decreases_prediction,4,Mannar,Recent 4-week case average,1.1956732273296617,44.56560680751174,2026-09-13,2026-09-14
cases_lag_3,2.0,2.205935713690234,2.205935713690234,increases_prediction,5,Mannar,Cases 3 weeks ago,1.1956732273296617,44.56560680751174,2026-09-13,2026-09-14
cases_lag_4,1.0,1.4408980840283367,1.4408980840283367,increases_prediction,6,Mannar,Cases 4 weeks ago,1.1956732273296617,44.56560680751174,2026-09-13,2026-09-14
rainfall_rolling_4,2.0,-0.5784381709339228,0.5784381709339228,decreases_prediction,7,Mannar,Recent 4-week rainfall,1.1956732273296617,44.56560680751174,2026-09-13,2026-09-14
cases_lag_2,1.0,0.24759839286136878,0.24759839286136878,increases_prediction,8,Mannar,Cases 2 weeks ago,1.1956732273296617,44.56560680751174,2026-09-13,2026-09-14
rainfall_lag_4,0.0,-0.24089822443576037,0.24089822443576037,decreases_prediction,9,Mannar,Rainfall 4 weeks ago,1.1956732273296617,44.56560680751174,2026-09-13,2026-09-14
rainfall_lag_1,0.1,-0.23278820497960076,0.23278820497960076,decreases_prediction,10,Mannar,Rainfall 1 week ago,1.1956732273296617,44.56560680751174,2026-09-13,2026-09-14
cases_current,12.0,-20.92159172596555,20.92159172596555,decreases_prediction,1,Matale,Current dengue cases,12.325428321665884,44.56560680751174,2026-09-13,2026-09-14
cases_lag_1,10.0,-6.806011608076677,6.806011608076677,decreases_prediction,2,Matale,Cases 1 week ago,12.325428321665884,44.56560680751174,2026-09-13,2026-09-14
cases_rolling_2,10.5,-4.432817061550066,4.432817061550066,decreases_prediction,3,Matale,Recent 2-week case average,12.325428321665884,44.56560680751174,2026-09-13,2026-09-14
cases_rolling_4,16.75,1.1710272835288158,1.1710272835288158,increases_prediction,4,Matale,Recent 4-week case average,12.325428321665884,44.56560680751174,2026-09-13,2026-09-14
rainfall_rolling_4,41.9,-0.5357944021624425,0.5357944021624425,decreases_prediction,5,Matale,Recent 4-week rainfall,12.325428321665884,44.56560680751174,2026-09-13,2026-09-14
cases_lag_4,31.0,0.43140007921257845,0.43140007921257845,increases_prediction,6,Matale,Cases 4 weeks ago,12.325428321665884,44.56560680751174,2026-09-13,2026-09-14
rainfall_lag_4,11.6,-0.37182880321412926,0.37182880321412926,decreases_prediction,7,Matale,Rainfall 4 weeks ago,12.325428321665884,44.56560680751174,2026-09-13,2026-09-14
week_cos,-0.3524387108846032,-0.26597565828216807,0.26597565828216807,decreases_prediction,8,Matale,Seasonal timing,12.325428321665884,44.56560680751174,2026-09-13,2026-09-14
rainfall_lag_3,8.0,-0.21895638108097076,0.21895638108097076,decreases_prediction,9,Matale,Rainfall 3 weeks ago,12.325428321665884,44.56560680751174,2026-09-13,2026-09-14
rainfall_current,11.1,-0.1191951286621189,0.1191951286621189,decreases_prediction,10,Matale,Current rainfall,12.325428321665884,44.56560680751174,2026-09-13,2026-09-14
cases_current,38.0,-8.877332470012663,8.877332470012663,decreases_prediction,1,Matara,Current dengue cases,35.82417188642544,44.56560680751174,2026-09-13,2026-09-14
cases_lag_1,41.0,-4.010306605469274,4.010306605469274,decreases_prediction,2,Matara,Cases 1 week ago,35.82417188642544,44.56560680751174,2026-09-13,2026-09-14
cases_rolling_4,58.0,2.735074132622784,2.735074132622784,increases_prediction,3,Matara,Recent 4-week case average,35.82417188642544,44.56560680751174,2026-09-13,2026-09-14
cases_lag_4,92.0,1.4772156121241977,1.4772156121241977,increases_prediction,4,Matara,Cases 4 weeks ago,35.82417188642544,44.56560680751174,2026-09-13,2026-09-14
cases_lag_3,56.0,0.44739935531050945,0.44739935531050945,increases_prediction,5,Matara,Cases 3 weeks ago,35.82417188642544,44.56560680751174,2026-09-13,2026-09-14
cases_rolling_2,42.0,0.42085920874079596,0.42085920874079596,increases_prediction,6,Matara,Recent 2-week case average,35.82417188642544,44.56560680751174,2026-09-13,2026-09-14
rainfall_current,24.2,-0.3629181980555264,0.3629181980555264,decreases_prediction,7,Matara,Current rainfall,35.82417188642544,44.56560680751174,2026-09-13,2026-09-14
week_cos,-0.3524387108846032,-0.3513435218173726,0.3513435218173726,decreases_prediction,8,Matara,Seasonal timing,35.82417188642544,44.56560680751174,2026-09-13,2026-09-14
week_sin,-0.935834897334994,-0.24078905705585474,0.24078905705585474,decreases_prediction,9,Matara,Seasonal timing,35.82417188642544,44.56560680751174,2026-09-13,2026-09-14
temperature_lag_1,27.9,0.1642531105429991,0.1642531105429991,increases_prediction,10,Matara,Temperature 1 week ago,35.82417188642544,44.56560680751174,2026-09-13,2026-09-14
cases_current,11.0,-21.383035780897306,21.383035780897306,decreases_prediction,1,Monaragala,Current dengue cases,13.251635052995306,44.56560680751174,2026-09-13,2026-09-14
cases_lag_1,11.0,-6.787216128192346,6.787216128192346,decreases_prediction,2,Monaragala,Cases 1 week ago,13.251635052995306,44.56560680751174,2026-09-13,2026-09-14
cases_rolling_2,14.0,-2.4405531160398697,2.4405531160398697,decreases_prediction,3,Monaragala,Recent 2-week case average,13.251635052995306,44.56560680751174,2026-09-13,2026-09-14
cases_rolling_4,19.5,1.1798377717447412,1.1798377717447412,increases_prediction,4,Monaragala,Recent 4-week case average,13.251635052995306,44.56560680751174,2026-09-13,2026-09-14
rainfall_rolling_4,25.599999999999994,-0.8024041659008232,0.8024041659008232,decreases_prediction,5,Monaragala,Recent 4-week rainfall,13.251635052995306,44.56560680751174,2026-09-13,2026-09-14
rainfall_lag_4,5.299999999999999,-0.46113149141861925,0.46113149141861925,decreases_prediction,6,Monaragala,Rainfall 4 weeks ago,13.251635052995306,44.56560680751174,2026-09-13,2026-09-14
cases_lag_4,25.0,0.36628290278625414,0.36628290278625414,increases_prediction,7,Monaragala,Cases 4 weeks ago,13.251635052995306,44.56560680751174,2026-09-13,2026-09-14
week_cos,-0.3524387108846032,-0.35679933608932707,0.35679933608932707,decreases_prediction,8,Monaragala,Seasonal timing,13.251635052995306,44.56560680751174,2026-09-13,2026-09-14
cases_lag_2,17.0,-0.27329223132814595,0.27329223132814595,decreases_prediction,9,Monaragala,Cases 2 weeks ago,13.251635052995306,44.56560680751174,2026-09-13,2026-09-14
rainfall_lag_3,10.6,-0.23655948472573246,0.23655948472573246,decreases_prediction,10,Monaragala,Rainfall 3 weeks ago,13.251635052995306,44.56560680751174,2026-09-13,2026-09-14
cases_current,1.0,-29.16549342748312,29.16549342748312,decreases_prediction,1,Mullaitivu,Current dengue cases,1.4910700295382604,44.56560680751174,2026-09-13,2026-09-14
cases_lag_1,0.0,-6.853400476058525,6.853400476058525,decreases_prediction,2,Mullaitivu,Cases 1 week ago,1.4910700295382604,44.56560680751174,2026-09-13,2026-09-14
cases_rolling_2,0.0,-5.949963603737751,5.949963603737751,decreases_prediction,3,Mullaitivu,Recent 2-week case average,1.4910700295382604,44.56560680751174,2026-09-13,2026-09-14
cases_rolling_4,1.25,-2.369660697788944,2.369660697788944,decreases_prediction,4,Mullaitivu,Recent 4-week case average,1.4910700295382604,44.56560680751174,2026-09-13,2026-09-14
cases_lag_3,2.0,2.2072599001213042,2.2072599001213042,increases_prediction,5,Mullaitivu,Cases 3 weeks ago,1.4910700295382604,44.56560680751174,2026-09-13,2026-09-14
cases_lag_4,3.0,0.6436620727789306,0.6436620727789306,increases_prediction,6,Mullaitivu,Cases 4 weeks ago,1.4910700295382604,44.56560680751174,2026-09-13,2026-09-14
rainfall_rolling_4,1.1,-0.629895581027811,0.629895581027811,decreases_prediction,7,Mullaitivu,Recent 4-week rainfall,1.4910700295382604,44.56560680751174,2026-09-13,2026-09-14
cases_lag_2,0.0,0.3173414330682097,0.3173414330682097,increases_prediction,8,Mullaitivu,Cases 2 weeks ago,1.4910700295382604,44.56560680751174,2026-09-13,2026-09-14
rainfall_lag_4,0.2,-0.3054895598872266,0.3054895598872266,decreases_prediction,9,Mullaitivu,Rainfall 4 weeks ago,1.4910700295382604,44.56560680751174,2026-09-13,2026-09-14
week_cos,-0.3524387108846032,-0.2199177714836145,0.2199177714836145,decreases_prediction,10,Mullaitivu,Seasonal timing,1.4910700295382604,44.56560680751174,2026-09-13,2026-09-14
cases_current,14.0,-20.81632007044308,20.81632007044308,decreases_prediction,1,Nuwara Eliya,Current dengue cases,15.185079031531401,44.56560680751174,2026-09-13,2026-09-14
cases_lag_1,18.0,-6.638699601876726,6.638699601876726,decreases_prediction,2,Nuwara Eliya,Cases 1 week ago,15.185079031531401,44.56560680751174,2026-09-13,2026-09-14
cases_rolling_2,14.0,-3.0291356981456934,3.0291356981456934,decreases_prediction,3,Nuwara Eliya,Recent 2-week case average,15.185079031531401,44.56560680751174,2026-09-13,2026-09-14
cases_rolling_4,19.25,1.2829148547474332,1.2829148547474332,increases_prediction,4,Nuwara Eliya,Recent 4-week case average,15.185079031531401,44.56560680751174,2026-09-13,2026-09-14
cases_lag_4,31.0,0.3469656997567889,0.3469656997567889,increases_prediction,5,Nuwara Eliya,Cases 4 weeks ago,15.185079031531401,44.56560680751174,2026-09-13,2026-09-14
week_cos,-0.3524387108846032,-0.29887168828809996,0.29887168828809996,decreases_prediction,6,Nuwara Eliya,Seasonal timing,15.185079031531401,44.56560680751174,2026-09-13,2026-09-14
rainfall_lag_4,18.200000000000003,-0.23319844056837752,0.23319844056837752,decreases_prediction,7,Nuwara Eliya,Rainfall 4 weeks ago,15.185079031531401,44.56560680751174,2026-09-13,2026-09-14
rainfall_lag_3,19.000000000000004,-0.18661126089785435,0.18661126089785435,decreases_prediction,8,Nuwara Eliya,Rainfall 3 weeks ago,15.185079031531401,44.56560680751174,2026-09-13,2026-09-14
temperature_lag_1,17.52857142857143,-0.1818914016587137,0.1818914016587137,decreases_prediction,9,Nuwara Eliya,Temperature 1 week ago,15.185079031531401,44.56560680751174,2026-09-13,2026-09-14
temperature_max_current,23.5,0.15002178916204764,0.15002178916204764,increases_prediction,10,Nuwara Eliya,Temperature Max Current,15.185079031531401,44.56560680751174,2026-09-13,2026-09-14
cases_current,12.0,-21.762234263476742,21.762234263476742,decreases_prediction,1,Polonnaruwa,Current dengue cases,9.8014673304758,44.56560680751174,2026-09-13,2026-09-14
cases_lag_1,8.0,-6.38450207359893,6.38450207359893,decreases_prediction,2,Polonnaruwa,Cases 1 week ago,9.8014673304758,44.56560680751174,2026-09-13,2026-09-14
cases_rolling_2,6.0,-5.413567144512043,5.413567144512043,decreases_prediction,3,Polonnaruwa,Recent 2-week case average,9.8014673304758,44.56560680751174,2026-09-13,2026-09-14
cases_rolling_4,11.5,-0.6393055915566174,0.6393055915566174,decreases_prediction,4,Polonnaruwa,Recent 4-week case average,9.8014673304758,44.56560680751174,2026-09-13,2026-09-14
rainfall_lag_4,1.1,-0.6138287910908841,0.6138287910908841,decreases_prediction,5,Polonnaruwa,Rainfall 4 weeks ago,9.8014673304758,44.56560680751174,2026-09-13,2026-09-14
rainfall_rolling_4,5.0,-0.5172754741900765,0.5172754741900765,decreases_prediction,6,Polonnaruwa,Recent 4-week rainfall,9.8014673304758,44.56560680751174,2026-09-13,2026-09-14
humidity_lag_3,61.65476190476191,0.48871441413780026,0.48871441413780026,increases_prediction,7,Polonnaruwa,Humidity 3 weeks ago,9.8014673304758,44.56560680751174,2026-09-13,2026-09-14
cases_lag_4,19.0,0.46057899911365335,0.46057899911365335,increases_prediction,8,Polonnaruwa,Cases 4 weeks ago,9.8014673304758,44.56560680751174,2026-09-13,2026-09-14
week_cos,-0.3524387108846032,-0.23270573080398374,0.23270573080398374,decreases_prediction,9,Polonnaruwa,Seasonal timing,9.8014673304758,44.56560680751174,2026-09-13,2026-09-14
rainfall_lag_3,0.5,-0.20551526772037065,0.20551526772037065,decreases_prediction,10,Polonnaruwa,Rainfall 3 weeks ago,9.8014673304758,44.56560680751174,2026-09-13,2026-09-14
cases_current,33.0,-10.081526274804432,10.081526274804432,decreases_prediction,1,Puttalam,Current dengue cases,28.465650768398238,44.56560680751174,2026-09-13,2026-09-14
cases_lag_1,37.0,-4.8095726676946065,4.8095726676946065,decreases_prediction,2,Puttalam,Cases 1 week ago,28.465650768398238,44.56560680751174,2026-09-13,2026-09-14
cases_rolling_4,43.5,2.0077065966072967,2.0077065966072967,increases_prediction,3,Puttalam,Recent 4-week case average,28.465650768398238,44.56560680751174,2026-09-13,2026-09-14
rainfall_rolling_4,26.7,-1.585958139661714,1.585958139661714,decreases_prediction,4,Puttalam,Recent 4-week rainfall,28.465650768398238,44.56560680751174,2026-09-13,2026-09-14
rainfall_lag_4,4.5,-0.9743381703990325,0.9743381703990325,decreases_prediction,5,Puttalam,Rainfall 4 weeks ago,28.465650768398238,44.56560680751174,2026-09-13,2026-09-14
cases_rolling_2,37.5,0.8438839627734905,0.8438839627734905,increases_prediction,6,Puttalam,Recent 2-week case average,28.465650768398238,44.56560680751174,2026-09-13,2026-09-14
rainfall_lag_1,2.1,-0.44317813436468706,0.44317813436468706,decreases_prediction,7,Puttalam,Rainfall 1 week ago,28.465650768398238,44.56560680751174,2026-09-13,2026-09-14
cases_lag_4,65.0,0.42609791898832966,0.42609791898832966,increases_prediction,8,Puttalam,Cases 4 weeks ago,28.465650768398238,44.56560680751174,2026-09-13,2026-09-14
rainfall_current,4.0,-0.3835900060201422,0.3835900060201422,decreases_prediction,9,Puttalam,Current rainfall,28.465650768398238,44.56560680751174,2026-09-13,2026-09-14
week_cos,-0.3524387108846032,-0.2946784754686488,0.2946784754686488,decreases_prediction,10,Puttalam,Seasonal timing,28.465650768398238,44.56560680751174,2026-09-13,2026-09-14
cases_rolling_4,63.0,3.362211200890846,3.362211200890846,increases_prediction,1,Ratnapura,Recent 4-week case average,50.16829962766437,44.56560680751174,2026-09-13,2026-09-14
cases_rolling_2,54.5,3.3601011166541337,3.3601011166541337,increases_prediction,2,Ratnapura,Recent 2-week case average,50.16829962766437,44.56560680751174,2026-09-13,2026-09-14
cases_current,44.0,-1.6267675189658348,1.6267675189658348,decreases_prediction,3,Ratnapura,Current dengue cases,50.16829962766437,44.56560680751174,2026-09-13,2026-09-14
cases_lag_1,55.0,-0.7582310152458337,0.7582310152458337,decreases_prediction,4,Ratnapura,Cases 1 week ago,50.16829962766437,44.56560680751174,2026-09-13,2026-09-14
cases_lag_4,85.0,0.7054146418270513,0.7054146418270513,increases_prediction,5,Ratnapura,Cases 4 weeks ago,50.16829962766437,44.56560680751174,2026-09-13,2026-09-14
cases_lag_3,58.0,0.512600764569765,0.512600764569765,increases_prediction,6,Ratnapura,Cases 3 weeks ago,50.16829962766437,44.56560680751174,2026-09-13,2026-09-14
week_sin,-0.935834897334994,-0.37902145116998365,0.37902145116998365,decreases_prediction,7,Ratnapura,Seasonal timing,50.16829962766437,44.56560680751174,2026-09-13,2026-09-14
week_cos,-0.3524387108846032,-0.33263095820651406,0.33263095820651406,decreases_prediction,8,Ratnapura,Seasonal timing,50.16829962766437,44.56560680751174,2026-09-13,2026-09-14
humidity_lag_1,87.88690476190474,0.31781510132121504,0.31781510132121504,increases_prediction,9,Ratnapura,Humidity 1 week ago,50.16829962766437,44.56560680751174,2026-09-13,2026-09-14
rain_days_lag_1,6.0,0.2273301167489396,0.2273301167489396,increases_prediction,10,Ratnapura,Rain Days Lag 1,50.16829962766437,44.56560680751174,2026-09-13,2026-09-14
cases_current,5.0,-25.41027361149526,25.41027361149526,decreases_prediction,1,Trincomalee,Current dengue cases,5.62550716309293,44.56560680751174,2026-09-13,2026-09-14
cases_lag_1,5.0,-6.301337716487077,6.301337716487077,decreases_prediction,2,Trincomalee,Cases 1 week ago,5.62550716309293,44.56560680751174,2026-09-13,2026-09-14
cases_rolling_2,4.0,-5.539953771617709,5.539953771617709,decreases_prediction,3,Trincomalee,Recent 2-week case average,5.62550716309293,44.56560680751174,2026-09-13,2026-09-14
rainfall_rolling_4,5.500000000000001,-0.6323676174054217,0.6323676174054217,decreases_prediction,4,Trincomalee,Recent 4-week rainfall,5.62550716309293,44.56560680751174,2026-09-13,2026-09-14
cases_rolling_4,7.75,-0.3928952546052432,0.3928952546052432,decreases_prediction,5,Trincomalee,Recent 4-week case average,5.62550716309293,44.56560680751174,2026-09-13,2026-09-14
rainfall_lag_4,0.2,-0.3776072224018196,0.3776072224018196,decreases_prediction,6,Trincomalee,Rainfall 4 weeks ago,5.62550716309293,44.56560680751174,2026-09-13,2026-09-14
cases_lag_4,15.0,0.3006395082950499,0.3006395082950499,increases_prediction,7,Trincomalee,Cases 4 weeks ago,5.62550716309293,44.56560680751174,2026-09-13,2026-09-14
week_cos,-0.3524387108846032,-0.22562210447325579,0.22562210447325579,decreases_prediction,8,Trincomalee,Seasonal timing,5.62550716309293,44.56560680751174,2026-09-13,2026-09-14
cases_lag_2,3.0,0.20807959918675265,0.20807959918675265,increases_prediction,9,Trincomalee,Cases 2 weeks ago,5.62550716309293,44.56560680751174,2026-09-13,2026-09-14
humidity_lag_1,66.64285714285715,-0.18565333946405302,0.18565333946405302,decreases_prediction,10,Trincomalee,Humidity 1 week ago,5.62550716309293,44.56560680751174,2026-09-13,2026-09-14
cases_current,1.0,-28.701505135789542,28.701505135789542,decreases_prediction,1,Vavuniya,Current dengue cases,2.5399440500939914,44.56560680751174,2026-09-13,2026-09-14
cases_lag_1,0.0,-6.616048307483111,6.616048307483111,decreases_prediction,2,Vavuniya,Cases 1 week ago,2.5399440500939914,44.56560680751174,2026-09-13,2026-09-14
cases_rolling_2,1.5,-5.90245093537116,5.90245093537116,decreases_prediction,3,Vavuniya,Recent 2-week case average,2.5399440500939914,44.56560680751174,2026-09-13,2026-09-14
cases_lag_3,1.0,2.2381394607428327,2.2381394607428327,increases_prediction,4,Vavuniya,Cases 3 weeks ago,2.5399440500939914,44.56560680751174,2026-09-13,2026-09-14
cases_rolling_4,3.25,-1.45700166505215,1.45700166505215,decreases_prediction,5,Vavuniya,Recent 4-week case average,2.5399440500939914,44.56560680751174,2026-09-13,2026-09-14
rainfall_rolling_4,7.2,-0.8185990523263487,0.8185990523263487,decreases_prediction,6,Vavuniya,Recent 4-week rainfall,2.5399440500939914,44.56560680751174,2026-09-13,2026-09-14
rainfall_lag_4,1.5,-0.3993950120817472,0.3993950120817472,decreases_prediction,7,Vavuniya,Rainfall 4 weeks ago,2.5399440500939914,44.56560680751174,2026-09-13,2026-09-14
cases_lag_4,9.0,0.2938120131543545,0.2938120131543545,increases_prediction,8,Vavuniya,Cases 4 weeks ago,2.5399440500939914,44.56560680751174,2026-09-13,2026-09-14
rainfall_lag_1,1.2,-0.2729506681600244,0.2729506681600244,decreases_prediction,9,Vavuniya,Rainfall 1 week ago,2.5399440500939914,44.56560680751174,2026-09-13,2026-09-14
temperature_max_current,38.2,0.22943411446351533,0.22943411446351533,increases_prediction,10,Vavuniya,Temperature Max Current,2.5399440500939914,44.56560680751174,2026-09-13,2026-09-14
