feature_group,mean_abs_shap,mean_signed_shap,rank
cases_current,25.78923717480017,-6.74751996312773,1
cases_lag_1,7.752930166128986,-2.722173193017487,2
cases_rolling_2,4.246419790442332,-0.10857349619249873,3
cases_rolling_4,2.143763719332962,1.1151356193420645,4
cases_lag_3,0.6908115639655334,0.628236353624783,5
cases_lag_4,0.6903338991615383,0.6883143973579013,6
rainfall_lag_4,0.568952053700173,-0.1386448775635506,7
week_cos,0.4950475877483811,-0.020368639163680372,8
rainfall_rolling_4,0.4842554432674816,0.02579421678168373,9
district,0.3488672327517199,-0.013085459364456766,10
cases_lag_2,0.27387604114062386,0.13260950081398137,11
week_sin,0.27329629448167114,0.10347375585316063,12
rainfall_lag_3,0.25969863496471574,-0.027008075982874316,13
rainfall_lag_1,0.25678519561357127,0.05304076717086606,14
rainfall_current,0.22596150742703863,0.02213787096331965,15
temperature_lag_1,0.19156634754510582,0.0697661034808335,16
humidity_lag_1,0.16200393721321482,0.029816656858264765,17
rainfall_lag_2,0.1579956471859382,0.01862850321315478,18
humidity_current,0.12185724817276787,0.02724082913129193,19
rain_days_lag_1,0.11555831941221713,0.016695865447604707,20
humidity_lag_3,0.10417885189274206,0.020947413452795875,21
humidity_rolling_4,0.10252369427662603,-0.007519848118927978,22
humidity_lag_4,0.10043728462014528,0.025266272971853285,23
temperature_max_current,0.08997722800351639,0.02119543250086911,24
humidity_lag_2,0.08953343795391303,0.031795849378627436,25
temperature_lag_3,0.0889916139606913,0.03583416358062295,26
rain_days_lag_4,0.08505629881657337,-0.004760267048777166,27
temperature_lag_4,0.08283320080330561,0.032905091328168525,28
temperature_lag_2,0.08089558291805977,0.030006109087453523,29
temperature_min_current,0.07966377577679268,0.00638479020414179,30
temperature_rolling_4,0.06981359621281526,0.05700608771040028,31
temperature_current,0.050202997948797776,0.01920164658724907,32
rain_days_lag_3,0.04241693047633202,0.0016705678881453764,33
rain_days_lag_2,0.037293561339572734,0.004102475629067049,34
rain_days_current,0.036116423740364105,0.008336247304601325,35
