feature,mean_abs_shap,mean_signed_shap,feature_group,rank
cases_current,25.78923717480017,-6.74751996312773,cases_current,1
cases_lag_1,7.752930166128986,-2.722173193017487,cases_lag_1,2
cases_rolling_2,4.246419790442332,-0.10857349619249873,cases_rolling_2,3
cases_rolling_4,2.143763719332962,1.1151356193420645,cases_rolling_4,4
cases_lag_3,0.6908115639655334,0.628236353624783,cases_lag_3,5
cases_lag_4,0.6903338991615383,0.6883143973579013,cases_lag_4,6
rainfall_lag_4,0.568952053700173,-0.1386448775635506,rainfall_lag_4,7
week_cos,0.4950475877483811,-0.020368639163680372,week_cos,8
rainfall_rolling_4,0.4842554432674816,0.02579421678168373,rainfall_rolling_4,9
cases_lag_2,0.27387604114062386,0.13260950081398137,cases_lag_2,10
week_sin,0.27329629448167114,0.10347375585316063,week_sin,11
rainfall_lag_3,0.25969863496471574,-0.027008075982874316,rainfall_lag_3,12
rainfall_lag_1,0.25678519561357127,0.05304076717086606,rainfall_lag_1,13
rainfall_current,0.22596150742703863,0.02213787096331965,rainfall_current,14
temperature_lag_1,0.19156634754510582,0.0697661034808335,temperature_lag_1,15
humidity_lag_1,0.16200393721321482,0.029816656858264765,humidity_lag_1,16
rainfall_lag_2,0.1579956471859382,0.01862850321315478,rainfall_lag_2,17
humidity_current,0.12185724817276787,0.02724082913129193,humidity_current,18
rain_days_lag_1,0.11555831941221713,0.016695865447604707,rain_days_lag_1,19
humidity_lag_3,0.10417885189274206,0.020947413452795875,humidity_lag_3,20
humidity_rolling_4,0.10252369427662603,-0.007519848118927978,humidity_rolling_4,21
humidity_lag_4,0.10043728462014528,0.025266272971853285,humidity_lag_4,22
temperature_max_current,0.08997722800351639,0.02119543250086911,temperature_max_current,23
humidity_lag_2,0.08953343795391303,0.031795849378627436,humidity_lag_2,24
temperature_lag_3,0.0889916139606913,0.03583416358062295,temperature_lag_3,25
rain_days_lag_4,0.08505629881657337,-0.004760267048777166,rain_days_lag_4,26
temperature_lag_4,0.08283320080330561,0.032905091328168525,temperature_lag_4,27
temperature_lag_2,0.08089558291805977,0.030006109087453523,temperature_lag_2,28
temperature_min_current,0.07966377577679268,0.00638479020414179,temperature_min_current,29
temperature_rolling_4,0.06981359621281526,0.05700608771040028,temperature_rolling_4,30
district=Colombo,0.062102596867358466,-0.007353724177403582,district,31
temperature_current,0.050202997948797776,0.01920164658724907,temperature_current,32
rain_days_lag_3,0.04241693047633202,0.0016705678881453764,rain_days_lag_3,33
district=Gampaha,0.04147639535224254,-0.010225135844898073,district,34
rain_days_lag_2,0.037293561339572734,0.004102475629067049,rain_days_lag_2,35
rain_days_current,0.036116423740364105,0.008336247304601325,rain_days_current,36
district=Kurunegala,0.034293492980591055,-0.007772716659942309,district,37
district=Jaffna,0.02827291499481712,-0.003058258621479622,district,38
district=Kalutara,0.026824303171390257,0.017578087669956135,district,39
district=Kandy,0.022560814848507707,-0.0032043174306642854,district,40
district=Kegalle,0.016929473945558892,-0.0029120873240807725,district,41
district=Trincomalee,0.016388177964823565,-0.003077612336942514,district,42
district=Puttalam,0.012906514142778124,-8.81611558329844e-05,district,43
district=Ampara,0.012888994479729243,-0.0001173054622804824,district,44
district=Batticaloa,0.012376642751702728,-0.0012701161900471635,district,45
district=Galle,0.009034267319402187,0.004602531139682798,district,46
district=Hambantota,0.008211512812664181,-0.002560288119290396,district,47
district=Ratnapura,0.007237186534302473,0.0025407929175981347,district,48
district=Anuradhapura,0.006793499690768362,0.0007438724129249937,district,49
district=Matara,0.006368214317418528,-0.0013712692080783157,district,50
district=Polonnaruwa,0.005459986617493552,0.0025016642563450674,district,51
district=Mannar,0.005000819602969703,0.0014279781548541426,district,52
district=Monaragala,0.004681740898668774,6.744267855608626e-05,district,53
district=Badulla,0.0031648235567702317,0.00012061362118825674,district,54
district=Matale,0.003090529801843374,0.0002460277548656209,district,55
district=Vavuniya,0.0019444226014227852,-6.469044923887248e-05,district,56
district=Kilinochchi,0.0004672263633863218,2.557775111325128e-05,district,57
district=Mullaitivu,0.00032219780000996163,0.00012874224298707848,district,58
district=Nuwara Eliya,7.048333509973814e-05,6.893015651040872e-06,district,59
