district,year,week,forecast_origin_date,target_date_1w,current_cases,forecast_cases_1w,persistence_forecast_1w,model_minus_persistence,forecast_absolute_change,forecast_percent_change,forecast_trend,forecast_model,operational_status,case_source,training_source,source_semantics_warning,data_freshness_date,generated_at_utc,historical_mean,historical_median,historical_p50,historical_p75,historical_p90,historical_max,relative_activity,activity_definition,top_driver_1_technical,top_driver_1,top_driver_1_value,top_driver_1_shap,top_driver_1_direction,top_driver_2_technical,top_driver_2,top_driver_2_value,top_driver_2_shap,top_driver_2_direction,top_driver_3_technical,top_driver_3,top_driver_3_value,top_driver_3_shap,top_driver_3_direction
Ampara,2026,37,2026-09-13,2026-09-14,41.0,42.94099722126825,41.0,1.9409972212682476,1.9409972212682476,4.734139564068897,STABLE,random_forest_full_history,EXPERIMENTAL_CURRENT_INFERENCE,NDCU,WER,True,2026-09-13,2026-09-29T13:25:40.578290+00:00,30.2091388400703,15.0,15.0,32.0,69.19999999999999,480.0,HIGH,Experimental district-specific historical percentile category; not an official public-health alert.,cases_rolling_2,Recent 2-week case average,49.5,3.8814223244097152,increases_prediction,cases_current,Current dengue cases,41.0,-3.6915849443272655,decreases_prediction,cases_lag_1,Cases 1 week ago,44.0,-3.54323761648765,decreases_prediction
Anuradhapura,2026,37,2026-09-13,2026-09-14,11.0,16.15811597379023,11.0,5.158115973790231,5.158115973790231,46.89196339809301,INCREASING,random_forest_full_history,EXPERIMENTAL_CURRENT_INFERENCE,NDCU,WER,True,2026-09-13,2026-09-29T13:25:40.578290+00:00,14.574692442882249,8.0,8.0,16.0,34.0,244.0,HIGH,Experimental district-specific historical percentile category; not an official public-health alert.,cases_current,Current dengue cases,11.0,-21.181761570919043,decreases_prediction,cases_lag_1,Cases 1 week ago,30.0,-5.028583479670789,decreases_prediction,cases_rolling_4,Recent 4-week case average,31.0,2.7696612429731395,increases_prediction
Badulla,2026,37,2026-09-13,2026-09-14,25.0,22.074517030256086,25.0,-2.925482969743914,-2.925482969743914,-11.701931878975657,DECREASING,random_forest_full_history,EXPERIMENTAL_CURRENT_INFERENCE,NDCU,WER,True,2026-09-13,2026-09-29T13:25:40.578290+00:00,22.68365553602812,14.0,14.0,26.0,50.19999999999999,305.0,ELEVATED,Experimental district-specific historical percentile category; not an official public-health alert.,cases_current,Current dengue cases,25.0,-15.078097282579122,decreases_prediction,cases_lag_1,Cases 1 week ago,23.0,-6.849737198065098,decreases_prediction,cases_rolling_4,Recent 4-week case average,38.75,2.4995590489395565,increases_prediction
Batticaloa,2026,37,2026-09-13,2026-09-14,13.0,14.413728289330141,13.0,1.413728289330141,1.413728289330141,10.874832994847239,INCREASING,random_forest_full_history,EXPERIMENTAL_CURRENT_INFERENCE,NDCU,WER,True,2026-09-13,2026-09-29T13:25:40.578290+00:00,49.37434094903339,25.0,25.0,60.0,126.39999999999998,384.0,LOW,Experimental district-specific historical percentile category; not an official public-health alert.,cases_current,Current dengue cases,13.0,-21.5500642008078,decreases_prediction,cases_lag_1,Cases 1 week ago,21.0,-6.166491468716016,decreases_prediction,cases_rolling_2,Recent 2-week case average,19.0,-1.8835925675139822,decreases_prediction
Colombo,2026,37,2026-09-13,2026-09-14,207.0,176.71708377037925,207.0,-30.282916229620753,-30.282916229620753,-14.62942813025157,DECREASING,random_forest_full_history,EXPERIMENTAL_CURRENT_INFERENCE,NDCU,WER,True,2026-09-13,2026-09-29T13:25:40.578290+00:00,226.41124780316343,169.0,169.0,292.0,439.99999999999994,1972.0,ELEVATED,Experimental district-specific historical percentile category; not an official public-health alert.,cases_current,Current dengue cases,207.0,77.75834516996902,increases_prediction,cases_lag_1,Cases 1 week ago,222.0,26.837151441081172,increases_prediction,cases_rolling_2,Recent 2-week case average,258.5,21.089782566480473,increases_prediction
Galle,2026,37,2026-09-13,2026-09-14,69.0,53.96928098945781,69.0,-15.030719010542192,-15.030719010542192,-21.783650739916222,DECREASING,random_forest_full_history,EXPERIMENTAL_CURRENT_INFERENCE,NDCU,WER,True,2026-09-13,2026-09-29T13:25:40.578290+00:00,46.40070298769771,29.0,29.0,57.0,109.19999999999999,332.0,ELEVATED,Experimental district-specific historical percentile category; not an official public-health alert.,cases_current,Current dengue cases,69.0,5.905789905030234,increases_prediction,cases_rolling_4,Recent 4-week case average,78.25,5.418108355888308,increases_prediction,cases_lag_1,Cases 1 week ago,47.0,-4.947771065603323,decreases_prediction
Gampaha,2026,37,2026-09-13,2026-09-14,218.0,184.12539057092718,218.0,-33.87460942907282,-33.87460942907282,-15.538811664712302,DECREASING,random_forest_full_history,EXPERIMENTAL_CURRENT_INFERENCE,NDCU,WER,True,2026-09-13,2026-09-29T13:25:40.578290+00:00,142.69068541300527,80.0,80.0,157.0,303.19999999999993,2631.0,HIGH,Experimental district-specific historical percentile category; not an official public-health alert.,cases_current,Current dengue cases,218.0,80.07773643013601,increases_prediction,cases_lag_1,Cases 1 week ago,224.0,29.005358024633416,increases_prediction,cases_rolling_2,Recent 2-week case average,246.5,22.093446502370604,increases_prediction
Hambantota,2026,37,2026-09-13,2026-09-14,22.0,20.34061503804459,22.0,-1.6593849619554106,-1.6593849619554106,-7.542658917979139,STABLE,random_forest_full_history,EXPERIMENTAL_CURRENT_INFERENCE,NDCU,WER,True,2026-09-13,2026-09-29T13:25:40.578290+00:00,22.460456942003514,15.0,15.0,30.0,49.0,147.0,ELEVATED,Experimental district-specific historical percentile category; not an official public-health alert.,cases_current,Current dengue cases,22.0,-14.979401044097381,decreases_prediction,cases_lag_1,Cases 1 week ago,21.0,-6.192146329458943,decreases_prediction,cases_rolling_2,Recent 2-week case average,18.0,-2.944625402487848,decreases_prediction
Jaffna,2026,37,2026-09-13,2026-09-14,22.0,20.4288793049553,22.0,-1.5711206950447014,-1.5711206950447014,-7.1414577047486425,STABLE,random_forest_full_history,EXPERIMENTAL_CURRENT_INFERENCE,NDCU,WER,True,2026-09-13,2026-09-29T13:25:40.578290+00:00,68.06678383128295,33.0,33.0,73.0,142.2,931.0,LOW,Experimental district-specific historical percentile category; not an official public-health alert.,cases_current,Current dengue cases,22.0,-15.092720052914121,decreases_prediction,cases_lag_1,Cases 1 week ago,19.0,-6.417973323055606,decreases_prediction,cases_rolling_2,Recent 2-week case average,18.0,-1.8580977803514316,decreases_prediction
Kalutara,2026,37,2026-09-13,2026-09-14,73.0,72.55843565350018,73.0,-0.4415643464998169,-0.4415643464998169,-0.6048826664381054,STABLE,random_forest_full_history,EXPERIMENTAL_CURRENT_INFERENCE,NDCU,WER,True,2026-09-13,2026-09-29T13:25:40.578290+00:00,69.50087873462215,44.0,44.0,83.0,155.2,703.0,ELEVATED,Experimental district-specific historical percentile category; not an official public-health alert.,cases_current,Current dengue cases,73.0,8.882723401264418,increases_prediction,cases_rolling_2,Recent 2-week case average,82.5,8.122602188690664,increases_prediction,cases_rolling_4,Recent 4-week case average,116.75,5.625653105820226,increases_prediction
Kandy,2026,37,2026-09-13,2026-09-14,174.0,137.28293683366738,174.0,-36.71706316633262,-36.71706316633262,-21.101760440421046,DECREASING,random_forest_full_history,EXPERIMENTAL_CURRENT_INFERENCE,NDCU,WER,True,2026-09-13,2026-09-29T13:25:40.578290+00:00,97.02108963093146,62.0,62.0,107.0,220.2,1062.0,HIGH,Experimental district-specific historical percentile category; not an official public-health alert.,cases_current,Current dengue cases,174.0,69.53272885257344,increases_prediction,cases_lag_1,Cases 1 week ago,158.0,12.70333024776696,increases_prediction,cases_rolling_2,Recent 2-week case average,154.0,9.514966432861097,increases_prediction
Kegalle,2026,37,2026-09-13,2026-09-14,69.0,57.45624217257179,69.0,-11.543757827428209,-11.543757827428209,-16.73008380786697,DECREASING,random_forest_full_history,EXPERIMENTAL_CURRENT_INFERENCE,NDCU,WER,True,2026-09-13,2026-09-29T13:25:40.578290+00:00,45.09666080843585,26.0,26.0,46.0,83.19999999999999,807.0,HIGH,Experimental district-specific historical percentile category; not an official public-health alert.,cases_current,Current dengue cases,69.0,6.256188507805238,increases_prediction,cases_rolling_4,Recent 4-week case average,76.25,5.323962504161217,increases_prediction,cases_lag_1,Cases 1 week ago,58.0,-2.6361669738659543,decreases_prediction
Kilinochchi,2026,37,2026-09-13,2026-09-14,3.0,1.9845925208939528,3.0,-1.0154074791060472,-1.0154074791060472,-33.84691597020157,DECREASING,random_forest_full_history,EXPERIMENTAL_CURRENT_INFERENCE,NDCU,WER,True,2026-09-13,2026-09-29T13:25:40.578290+00:00,3.790861159929701,2.0,2.0,5.0,9.0,52.0,LOW,Experimental district-specific historical percentile category; not an official public-health alert.,cases_current,Current dengue cases,3.0,-28.968480462640713,decreases_prediction,cases_lag_1,Cases 1 week ago,0.0,-6.669862881765554,decreases_prediction,cases_rolling_2,Recent 2-week case average,0.0,-5.841165857328128,decreases_prediction
Kurunegala,2026,37,2026-09-13,2026-09-14,38.0,33.80639241910331,38.0,-4.193607580896689,-4.193607580896689,-11.035809423412339,DECREASING,random_forest_full_history,EXPERIMENTAL_CURRENT_INFERENCE,NDCU,WER,True,2026-09-13,2026-09-29T13:25:40.578290+00:00,52.94551845342706,31.0,31.0,59.0,103.0,681.0,ELEVATED,Experimental district-specific historical percentile category; not an official public-health alert.,cases_current,Current dengue cases,38.0,-7.152596771715795,decreases_prediction,cases_lag_1,Cases 1 week ago,29.0,-5.853430737577436,decreases_prediction,cases_rolling_4,Recent 4-week case average,47.0,2.0418451705702223,increases_prediction
Mannar,2026,37,2026-09-13,2026-09-14,0.0,1.1956732273296617,0.0,1.1956732273296617,1.1956732273296617,,UNKNOWN,random_forest_full_history,EXPERIMENTAL_CURRENT_INFERENCE,NDCU,WER,True,2026-09-13,2026-09-29T13:25:40.578290+00:00,4.3848857644991215,1.0,1.0,4.0,12.0,63.0,ELEVATED,Experimental district-specific historical percentile category; not an official public-health alert.,cases_current,Current dengue cases,0.0,-29.715911360075324,decreases_prediction,cases_lag_1,Cases 1 week ago,0.0,-7.064278947296735,decreases_prediction,cases_rolling_2,Recent 2-week case average,0.5,-6.188006072665585,decreases_prediction
Matale,2026,37,2026-09-13,2026-09-14,12.0,12.325428321665884,12.0,0.32542832166588376,0.32542832166588376,2.7119026805490316,STABLE,random_forest_full_history,EXPERIMENTAL_CURRENT_INFERENCE,NDCU,WER,True,2026-09-13,2026-09-29T13:25:40.578290+00:00,23.657293497363796,15.0,15.0,30.0,46.0,260.0,LOW,Experimental district-specific historical percentile category; not an official public-health alert.,cases_current,Current dengue cases,12.0,-20.92159172596555,decreases_prediction,cases_lag_1,Cases 1 week ago,10.0,-6.806011608076677,decreases_prediction,cases_rolling_2,Recent 2-week case average,10.5,-4.432817061550066,decreases_prediction
Matara,2026,37,2026-09-13,2026-09-14,38.0,35.82417188642544,38.0,-2.1758281135745605,-2.1758281135745605,-5.725863456775159,STABLE,random_forest_full_history,EXPERIMENTAL_CURRENT_INFERENCE,NDCU,WER,True,2026-09-13,2026-09-29T13:25:40.578290+00:00,36.55887521968366,23.0,23.0,42.0,76.0,489.0,ELEVATED,Experimental district-specific historical percentile category; not an official public-health alert.,cases_current,Current dengue cases,38.0,-8.877332470012663,decreases_prediction,cases_lag_1,Cases 1 week ago,41.0,-4.010306605469274,decreases_prediction,cases_rolling_4,Recent 4-week case average,58.0,2.735074132622784,increases_prediction
Monaragala,2026,37,2026-09-13,2026-09-14,11.0,13.251635052995306,11.0,2.251635052995306,2.251635052995306,20.4694095726846,INCREASING,random_forest_full_history,EXPERIMENTAL_CURRENT_INFERENCE,NDCU,WER,True,2026-09-13,2026-09-29T13:25:40.578290+00:00,14.854130052724077,9.0,9.0,17.0,32.19999999999999,172.0,ELEVATED,Experimental district-specific historical percentile category; not an official public-health alert.,cases_current,Current dengue cases,11.0,-21.383035780897306,decreases_prediction,cases_lag_1,Cases 1 week ago,11.0,-6.787216128192346,decreases_prediction,cases_rolling_2,Recent 2-week case average,14.0,-2.4405531160398697,decreases_prediction
Mullaitivu,2026,37,2026-09-13,2026-09-14,1.0,1.4910700295382604,1.0,0.4910700295382604,0.4910700295382604,49.10700295382604,INCREASING,random_forest_full_history,EXPERIMENTAL_CURRENT_INFERENCE,NDCU,WER,True,2026-09-13,2026-09-29T13:25:40.578290+00:00,2.4780316344463973,1.0,1.0,3.0,6.199999999999989,31.0,ELEVATED,Experimental district-specific historical percentile category; not an official public-health alert.,cases_current,Current dengue cases,1.0,-29.16549342748312,decreases_prediction,cases_lag_1,Cases 1 week ago,0.0,-6.853400476058525,decreases_prediction,cases_rolling_2,Recent 2-week case average,0.0,-5.949963603737751,decreases_prediction
Nuwara Eliya,2026,37,2026-09-13,2026-09-14,14.0,15.185079031531401,14.0,1.1850790315314015,1.1850790315314015,8.464850225224296,STABLE,random_forest_full_history,EXPERIMENTAL_CURRENT_INFERENCE,NDCU,WER,True,2026-09-13,2026-09-29T13:25:40.578290+00:00,6.362038664323374,4.0,4.0,8.0,13.0,85.0,VERY HIGH,Experimental district-specific historical percentile category; not an official public-health alert.,cases_current,Current dengue cases,14.0,-20.81632007044308,decreases_prediction,cases_lag_1,Cases 1 week ago,18.0,-6.638699601876726,decreases_prediction,cases_rolling_2,Recent 2-week case average,14.0,-3.0291356981456934,decreases_prediction
Polonnaruwa,2026,37,2026-09-13,2026-09-14,12.0,9.8014673304758,12.0,-2.1985326695242,-2.1985326695242,-18.321105579368332,DECREASING,random_forest_full_history,EXPERIMENTAL_CURRENT_INFERENCE,NDCU,WER,True,2026-09-13,2026-09-29T13:25:40.578290+00:00,8.319859402460457,5.0,5.0,10.0,17.19999999999999,123.0,ELEVATED,Experimental district-specific historical percentile category; not an official public-health alert.,cases_current,Current dengue cases,12.0,-21.762234263476742,decreases_prediction,cases_lag_1,Cases 1 week ago,8.0,-6.38450207359893,decreases_prediction,cases_rolling_2,Recent 2-week case average,6.0,-5.413567144512043,decreases_prediction
Puttalam,2026,37,2026-09-13,2026-09-14,33.0,28.465650768398238,33.0,-4.534349231601762,-4.534349231601762,-13.740452216975038,DECREASING,random_forest_full_history,EXPERIMENTAL_CURRENT_INFERENCE,NDCU,WER,True,2026-09-13,2026-09-29T13:25:40.578290+00:00,36.439367311072054,16.0,16.0,35.0,96.39999999999998,394.0,ELEVATED,Experimental district-specific historical percentile category; not an official public-health alert.,cases_current,Current dengue cases,33.0,-10.081526274804432,decreases_prediction,cases_lag_1,Cases 1 week ago,37.0,-4.8095726676946065,decreases_prediction,cases_rolling_4,Recent 4-week case average,43.5,2.0077065966072967,increases_prediction
Ratnapura,2026,37,2026-09-13,2026-09-14,44.0,50.16829962766437,44.0,6.168299627664368,6.168299627664368,14.018862790146292,INCREASING,random_forest_full_history,EXPERIMENTAL_CURRENT_INFERENCE,NDCU,WER,True,2026-09-13,2026-09-29T13:25:40.578290+00:00,52.86291739894552,40.0,40.0,62.0,91.0,920.0,ELEVATED,Experimental district-specific historical percentile category; not an official public-health alert.,cases_rolling_4,Recent 4-week case average,63.0,3.362211200890846,increases_prediction,cases_rolling_2,Recent 2-week case average,54.5,3.3601011166541337,increases_prediction,cases_current,Current dengue cases,44.0,-1.6267675189658348,decreases_prediction
Trincomalee,2026,37,2026-09-13,2026-09-14,5.0,5.62550716309293,5.0,0.6255071630929301,0.6255071630929301,12.510143261858603,INCREASING,random_forest_full_history,EXPERIMENTAL_CURRENT_INFERENCE,NDCU,WER,True,2026-09-13,2026-09-29T13:25:40.578290+00:00,29.036906854130052,12.0,12.0,28.0,53.0,435.0,LOW,Experimental district-specific historical percentile category; not an official public-health alert.,cases_current,Current dengue cases,5.0,-25.41027361149526,decreases_prediction,cases_lag_1,Cases 1 week ago,5.0,-6.301337716487077,decreases_prediction,cases_rolling_2,Recent 2-week case average,4.0,-5.539953771617709,decreases_prediction
Vavuniya,2026,37,2026-09-13,2026-09-14,1.0,2.5399440500939914,1.0,1.5399440500939914,1.5399440500939914,153.99440500939915,INCREASING,random_forest_full_history,EXPERIMENTAL_CURRENT_INFERENCE,NDCU,WER,True,2026-09-13,2026-09-29T13:25:40.578290+00:00,6.177504393673111,3.0,3.0,7.0,17.0,89.0,LOW,Experimental district-specific historical percentile category; not an official public-health alert.,cases_current,Current dengue cases,1.0,-28.701505135789542,decreases_prediction,cases_lag_1,Cases 1 week ago,0.0,-6.616048307483111,decreases_prediction,cases_rolling_2,Recent 2-week case average,1.5,-5.90245093537116,decreases_prediction
