district,year,week,forecast_origin_date,target_date_1w,current_cases,forecast_cases_1w,persistence_forecast_1w,model_minus_persistence,forecast_absolute_change,forecast_percent_change,forecast_trend,forecast_model,operational_status,case_source,training_source,source_semantics_warning,data_freshness_date,generated_at_utc
Ampara,2026,37,2026-09-13,2026-09-14,41.0,42.94099722126825,41.0,1.9409972212682476,1.9409972212682476,4.734139564068897,STABLE,random_forest_full_history,EXPERIMENTAL_CURRENT_INFERENCE,NDCU,WER,True,2026-09-13,2026-09-29T13:25:40.578290+00:00
Anuradhapura,2026,37,2026-09-13,2026-09-14,11.0,16.15811597379023,11.0,5.158115973790231,5.158115973790231,46.89196339809301,INCREASING,random_forest_full_history,EXPERIMENTAL_CURRENT_INFERENCE,NDCU,WER,True,2026-09-13,2026-09-29T13:25:40.578290+00:00
Badulla,2026,37,2026-09-13,2026-09-14,25.0,22.074517030256086,25.0,-2.925482969743914,-2.925482969743914,-11.701931878975657,DECREASING,random_forest_full_history,EXPERIMENTAL_CURRENT_INFERENCE,NDCU,WER,True,2026-09-13,2026-09-29T13:25:40.578290+00:00
Batticaloa,2026,37,2026-09-13,2026-09-14,13.0,14.413728289330141,13.0,1.413728289330141,1.413728289330141,10.874832994847239,INCREASING,random_forest_full_history,EXPERIMENTAL_CURRENT_INFERENCE,NDCU,WER,True,2026-09-13,2026-09-29T13:25:40.578290+00:00
Colombo,2026,37,2026-09-13,2026-09-14,207.0,176.71708377037925,207.0,-30.282916229620753,-30.282916229620753,-14.62942813025157,DECREASING,random_forest_full_history,EXPERIMENTAL_CURRENT_INFERENCE,NDCU,WER,True,2026-09-13,2026-09-29T13:25:40.578290+00:00
Galle,2026,37,2026-09-13,2026-09-14,69.0,53.96928098945781,69.0,-15.030719010542192,-15.030719010542192,-21.783650739916222,DECREASING,random_forest_full_history,EXPERIMENTAL_CURRENT_INFERENCE,NDCU,WER,True,2026-09-13,2026-09-29T13:25:40.578290+00:00
Gampaha,2026,37,2026-09-13,2026-09-14,218.0,184.12539057092718,218.0,-33.87460942907282,-33.87460942907282,-15.538811664712302,DECREASING,random_forest_full_history,EXPERIMENTAL_CURRENT_INFERENCE,NDCU,WER,True,2026-09-13,2026-09-29T13:25:40.578290+00:00
Hambantota,2026,37,2026-09-13,2026-09-14,22.0,20.34061503804459,22.0,-1.6593849619554106,-1.6593849619554106,-7.542658917979139,STABLE,random_forest_full_history,EXPERIMENTAL_CURRENT_INFERENCE,NDCU,WER,True,2026-09-13,2026-09-29T13:25:40.578290+00:00
Jaffna,2026,37,2026-09-13,2026-09-14,22.0,20.4288793049553,22.0,-1.5711206950447014,-1.5711206950447014,-7.1414577047486425,STABLE,random_forest_full_history,EXPERIMENTAL_CURRENT_INFERENCE,NDCU,WER,True,2026-09-13,2026-09-29T13:25:40.578290+00:00
Kalutara,2026,37,2026-09-13,2026-09-14,73.0,72.55843565350018,73.0,-0.4415643464998169,-0.4415643464998169,-0.6048826664381054,STABLE,random_forest_full_history,EXPERIMENTAL_CURRENT_INFERENCE,NDCU,WER,True,2026-09-13,2026-09-29T13:25:40.578290+00:00
Kandy,2026,37,2026-09-13,2026-09-14,174.0,137.28293683366738,174.0,-36.71706316633262,-36.71706316633262,-21.101760440421046,DECREASING,random_forest_full_history,EXPERIMENTAL_CURRENT_INFERENCE,NDCU,WER,True,2026-09-13,2026-09-29T13:25:40.578290+00:00
Kegalle,2026,37,2026-09-13,2026-09-14,69.0,57.45624217257179,69.0,-11.543757827428209,-11.543757827428209,-16.73008380786697,DECREASING,random_forest_full_history,EXPERIMENTAL_CURRENT_INFERENCE,NDCU,WER,True,2026-09-13,2026-09-29T13:25:40.578290+00:00
Kilinochchi,2026,37,2026-09-13,2026-09-14,3.0,1.9845925208939528,3.0,-1.0154074791060472,-1.0154074791060472,-33.84691597020157,DECREASING,random_forest_full_history,EXPERIMENTAL_CURRENT_INFERENCE,NDCU,WER,True,2026-09-13,2026-09-29T13:25:40.578290+00:00
Kurunegala,2026,37,2026-09-13,2026-09-14,38.0,33.80639241910331,38.0,-4.193607580896689,-4.193607580896689,-11.035809423412339,DECREASING,random_forest_full_history,EXPERIMENTAL_CURRENT_INFERENCE,NDCU,WER,True,2026-09-13,2026-09-29T13:25:40.578290+00:00
Mannar,2026,37,2026-09-13,2026-09-14,0.0,1.1956732273296617,0.0,1.1956732273296617,1.1956732273296617,,UNKNOWN,random_forest_full_history,EXPERIMENTAL_CURRENT_INFERENCE,NDCU,WER,True,2026-09-13,2026-09-29T13:25:40.578290+00:00
Matale,2026,37,2026-09-13,2026-09-14,12.0,12.325428321665884,12.0,0.32542832166588376,0.32542832166588376,2.7119026805490316,STABLE,random_forest_full_history,EXPERIMENTAL_CURRENT_INFERENCE,NDCU,WER,True,2026-09-13,2026-09-29T13:25:40.578290+00:00
Matara,2026,37,2026-09-13,2026-09-14,38.0,35.82417188642544,38.0,-2.1758281135745605,-2.1758281135745605,-5.725863456775159,STABLE,random_forest_full_history,EXPERIMENTAL_CURRENT_INFERENCE,NDCU,WER,True,2026-09-13,2026-09-29T13:25:40.578290+00:00
Monaragala,2026,37,2026-09-13,2026-09-14,11.0,13.251635052995306,11.0,2.251635052995306,2.251635052995306,20.4694095726846,INCREASING,random_forest_full_history,EXPERIMENTAL_CURRENT_INFERENCE,NDCU,WER,True,2026-09-13,2026-09-29T13:25:40.578290+00:00
Mullaitivu,2026,37,2026-09-13,2026-09-14,1.0,1.4910700295382604,1.0,0.4910700295382604,0.4910700295382604,49.10700295382604,INCREASING,random_forest_full_history,EXPERIMENTAL_CURRENT_INFERENCE,NDCU,WER,True,2026-09-13,2026-09-29T13:25:40.578290+00:00
Nuwara Eliya,2026,37,2026-09-13,2026-09-14,14.0,15.185079031531401,14.0,1.1850790315314015,1.1850790315314015,8.464850225224296,STABLE,random_forest_full_history,EXPERIMENTAL_CURRENT_INFERENCE,NDCU,WER,True,2026-09-13,2026-09-29T13:25:40.578290+00:00
Polonnaruwa,2026,37,2026-09-13,2026-09-14,12.0,9.8014673304758,12.0,-2.1985326695242,-2.1985326695242,-18.321105579368332,DECREASING,random_forest_full_history,EXPERIMENTAL_CURRENT_INFERENCE,NDCU,WER,True,2026-09-13,2026-09-29T13:25:40.578290+00:00
Puttalam,2026,37,2026-09-13,2026-09-14,33.0,28.465650768398238,33.0,-4.534349231601762,-4.534349231601762,-13.740452216975038,DECREASING,random_forest_full_history,EXPERIMENTAL_CURRENT_INFERENCE,NDCU,WER,True,2026-09-13,2026-09-29T13:25:40.578290+00:00
Ratnapura,2026,37,2026-09-13,2026-09-14,44.0,50.16829962766437,44.0,6.168299627664368,6.168299627664368,14.018862790146292,INCREASING,random_forest_full_history,EXPERIMENTAL_CURRENT_INFERENCE,NDCU,WER,True,2026-09-13,2026-09-29T13:25:40.578290+00:00
Trincomalee,2026,37,2026-09-13,2026-09-14,5.0,5.62550716309293,5.0,0.6255071630929301,0.6255071630929301,12.510143261858603,INCREASING,random_forest_full_history,EXPERIMENTAL_CURRENT_INFERENCE,NDCU,WER,True,2026-09-13,2026-09-29T13:25:40.578290+00:00
Vavuniya,2026,37,2026-09-13,2026-09-14,1.0,2.5399440500939914,1.0,1.5399440500939914,1.5399440500939914,153.99440500939915,INCREASING,random_forest_full_history,EXPERIMENTAL_CURRENT_INFERENCE,NDCU,WER,True,2026-09-13,2026-09-29T13:25:40.578290+00:00
