year,week,district,start_date,end_date,temperature_mean,temperature_min,temperature_max,humidity_mean,rainfall_sum,rain_days,daily_observations
2026,33,Ampara,2026-08-10,2026-08-16,31.71428571428571,26.5,38.0,56.642857142857146,1.9,0,7
2026,34,Ampara,2026-08-17,2026-08-23,32.028571428571425,26.5,38.9,53.47023809523809,1.0,0,7
2026,35,Ampara,2026-08-24,2026-08-30,31.442857142857143,26.7,37.1,56.79166666666667,2.1,1,7
2026,36,Ampara,2026-08-31,2026-09-06,31.571428571428577,26.9,38.1,59.583333333333336,8.6,3,7
2026,37,Ampara,2026-09-07,2026-09-13,31.185714285714283,26.7,37.7,63.363095238095234,4.4,2,7
2026,33,Anuradhapura,2026-08-10,2026-08-16,28.928571428571427,25.6,34.1,73.18452380952381,2.6999999999999997,0,7
2026,34,Anuradhapura,2026-08-17,2026-08-23,29.12857142857143,25.6,35.0,72.33333333333334,2.8,1,7
2026,35,Anuradhapura,2026-08-24,2026-08-30,29.157142857142862,25.8,34.2,73.11309523809526,4.2,2,7
2026,36,Anuradhapura,2026-08-31,2026-09-06,29.800000000000004,25.3,36.4,70.07142857142857,2.5,1,7
2026,37,Anuradhapura,2026-09-07,2026-09-13,29.914285714285715,25.6,36.7,70.51785714285714,16.099999999999998,1,7
2026,33,Badulla,2026-08-10,2026-08-16,27.714285714285715,22.8,33.7,61.529761904761905,1.5,1,7
2026,34,Badulla,2026-08-17,2026-08-23,27.714285714285715,21.9,34.3,60.547619047619044,1.5,0,7
2026,35,Badulla,2026-08-24,2026-08-30,27.52857142857143,23.8,33.4,62.327380952380956,0.4,0,7
2026,36,Badulla,2026-08-31,2026-09-06,27.585714285714285,21.9,34.8,64.04761904761905,11.5,3,7
2026,37,Badulla,2026-09-07,2026-09-13,27.271428571428572,21.2,34.7,65.41666666666666,34.1,2,7
2026,33,Batticaloa,2026-08-10,2026-08-16,31.542857142857144,25.7,38.4,57.01190476190476,0.5,0,7
2026,34,Batticaloa,2026-08-17,2026-08-23,31.82857142857143,25.1,38.7,53.773809523809526,0.5,0,7
2026,35,Batticaloa,2026-08-24,2026-08-30,31.699999999999996,26.9,37.5,54.773809523809526,0.5,0,7
2026,36,Batticaloa,2026-08-31,2026-09-06,31.11428571428571,24.9,38.8,62.73214285714285,4.0,3,7
2026,37,Batticaloa,2026-09-07,2026-09-13,31.0,25.0,38.5,65.32738095238095,7.300000000000001,2,7
2026,33,Colombo,2026-08-10,2026-08-16,27.828571428571426,25.4,30.7,85.20238095238096,33.6,7,7
2026,34,Colombo,2026-08-17,2026-08-23,27.77142857142857,25.5,30.9,84.79166666666666,32.6,7,7
2026,35,Colombo,2026-08-24,2026-08-30,27.557142857142857,24.9,30.0,86.51785714285714,44.2,7,7
2026,36,Colombo,2026-08-31,2026-09-06,28.099999999999998,25.4,31.5,84.03571428571429,17.300000000000004,7,7
2026,37,Colombo,2026-09-07,2026-09-13,28.157142857142855,25.1,31.9,83.57142857142856,29.4,7,7
2026,33,Galle,2026-08-10,2026-08-16,27.171428571428578,25.4,29.6,88.0892857142857,38.0,7,7
2026,34,Galle,2026-08-17,2026-08-23,27.285714285714285,25.2,30.3,86.92857142857143,60.8,7,7
2026,35,Galle,2026-08-24,2026-08-30,26.84285714285715,24.6,29.1,89.51190476190474,52.0,7,7
2026,36,Galle,2026-08-31,2026-09-06,27.657142857142855,25.4,30.7,86.35714285714288,21.800000000000004,7,7
2026,37,Galle,2026-09-07,2026-09-13,27.657142857142855,25.0,30.7,86.39880952380953,40.9,5,7
2026,33,Gampaha,2026-08-10,2026-08-16,27.75714285714286,25.3,30.6,85.19642857142858,33.6,7,7
2026,34,Gampaha,2026-08-17,2026-08-23,27.714285714285715,25.5,30.9,84.78571428571429,32.6,7,7
2026,35,Gampaha,2026-08-24,2026-08-30,27.47142857142857,24.8,29.9,86.51190476190477,44.2,7,7
2026,36,Gampaha,2026-08-31,2026-09-06,28.04285714285714,25.3,31.4,84.02976190476191,17.300000000000004,7,7
2026,37,Gampaha,2026-09-07,2026-09-13,28.08571428571429,25.1,31.9,83.57142857142856,29.4,7,7
2026,33,Hambantota,2026-08-10,2026-08-16,28.685714285714283,25.8,33.1,74.07738095238096,3.0,1,7
2026,34,Hambantota,2026-08-17,2026-08-23,28.771428571428572,25.5,34.2,72.58333333333333,5.7,2,7
2026,35,Hambantota,2026-08-24,2026-08-30,28.457142857142856,25.5,32.9,74.67261904761905,4.6,2,7
2026,36,Hambantota,2026-08-31,2026-09-06,29.514285714285712,25.8,34.1,70.95833333333333,0.8,0,7
2026,37,Hambantota,2026-09-07,2026-09-13,29.585714285714285,25.6,35.0,70.5297619047619,2.4000000000000004,0,7
2026,33,Jaffna,2026-08-10,2026-08-16,28.357142857142854,27.5,29.5,83.23809523809523,7.4,3,7
2026,34,Jaffna,2026-08-17,2026-08-23,28.242857142857144,27.4,29.3,82.88690476190477,0.7,0,7
2026,35,Jaffna,2026-08-24,2026-08-30,28.414285714285715,27.1,29.3,82.05952380952381,24.5,3,7
2026,36,Jaffna,2026-08-31,2026-09-06,28.628571428571426,27.6,30.3,81.48809523809523,0.2,0,7
2026,37,Jaffna,2026-09-07,2026-09-13,28.88571428571429,27.8,30.1,81.48214285714286,0.0,0,7
2026,33,Kalutara,2026-08-10,2026-08-16,27.642857142857146,25.5,30.4,86.19642857142857,38.900000000000006,7,7
2026,34,Kalutara,2026-08-17,2026-08-23,27.657142857142855,25.6,30.7,85.69642857142857,41.199999999999996,7,7
2026,35,Kalutara,2026-08-24,2026-08-30,27.414285714285715,24.8,29.7,87.1547619047619,46.1,7,7
2026,36,Kalutara,2026-08-31,2026-09-06,27.942857142857143,25.2,31.2,85.57738095238096,21.000000000000004,7,7
2026,37,Kalutara,2026-09-07,2026-09-13,27.942857142857147,25.2,31.5,85.19642857142857,32.5,7,7
2026,33,Kandy,2026-08-10,2026-08-16,26.285714285714285,22.8,30.7,78.19642857142857,4.2,1,7
2026,34,Kandy,2026-08-17,2026-08-23,26.485714285714288,22.2,31.0,75.51190476190477,3.0000000000000004,1,7
2026,35,Kandy,2026-08-24,2026-08-30,26.442857142857143,23.6,30.7,76.8809523809524,6.0,4,7
2026,36,Kandy,2026-08-31,2026-09-06,27.08571428571429,22.3,32.7,74.01785714285714,9.4,4,7
2026,37,Kandy,2026-09-07,2026-09-13,27.071428571428566,21.9,34.7,73.73214285714286,24.6,3,7
2026,33,Kegalle,2026-08-10,2026-08-16,26.314285714285713,23.6,29.6,84.42261904761905,27.6,7,7
2026,34,Kegalle,2026-08-17,2026-08-23,26.214285714285715,23.7,30.0,83.83333333333333,23.9,7,7
2026,35,Kegalle,2026-08-24,2026-08-30,26.02857142857143,23.4,29.1,86.08333333333334,34.199999999999996,7,7
2026,36,Kegalle,2026-08-31,2026-09-06,26.685714285714287,23.7,30.7,82.125,13.3,7,7
2026,37,Kegalle,2026-09-07,2026-09-13,26.857142857142858,23.7,31.5,80.80357142857143,21.7,4,7
2026,33,Kilinochchi,2026-08-10,2026-08-16,29.214285714285715,26.7,32.8,74.38690476190474,0.2,0,7
2026,34,Kilinochchi,2026-08-17,2026-08-23,29.300000000000004,27.0,33.1,73.27976190476191,0.0,0,7
2026,35,Kilinochchi,2026-08-24,2026-08-30,29.342857142857138,27.3,32.6,73.72619047619048,3.7,1,7
2026,36,Kilinochchi,2026-08-31,2026-09-06,29.75714285714286,27.0,33.8,71.36309523809523,0.1,0,7
2026,37,Kilinochchi,2026-09-07,2026-09-13,29.885714285714283,27.2,34.2,71.68452380952381,0.7999999999999999,0,7
2026,33,Kurunegala,2026-08-10,2026-08-16,27.214285714285715,24.7,30.7,82.60119047619048,14.8,7,7
2026,34,Kurunegala,2026-08-17,2026-08-23,27.142857142857142,24.6,30.8,81.75,17.099999999999998,5,7
2026,35,Kurunegala,2026-08-24,2026-08-30,26.97142857142857,24.4,30.2,84.00595238095238,29.2,7,7
2026,36,Kurunegala,2026-08-31,2026-09-06,27.671428571428574,24.7,32.1,79.80357142857143,9.5,5,7
2026,37,Kurunegala,2026-09-07,2026-09-13,27.928571428571434,24.7,33.1,78.47619047619048,9.1,3,7
2026,33,Mannar,2026-08-10,2026-08-16,28.4,27.0,30.5,80.22619047619048,0.0,0,7
2026,34,Mannar,2026-08-17,2026-08-23,28.342857142857145,27.0,30.3,80.21428571428571,0.2,0,7
2026,35,Mannar,2026-08-24,2026-08-30,28.585714285714285,27.2,30.4,79.77380952380952,1.7,0,7
2026,36,Mannar,2026-08-31,2026-09-06,28.885714285714283,27.2,31.4,78.07142857142857,0.1,0,7
2026,37,Mannar,2026-09-07,2026-09-13,29.24285714285714,27.5,31.6,77.64285714285714,4.1,1,7
2026,33,Matale,2026-08-10,2026-08-16,25.900000000000002,23.4,29.4,80.2559523809524,11.6,5,7
2026,34,Matale,2026-08-17,2026-08-23,25.957142857142852,23.1,30.2,78.81547619047619,8.0,4,7
2026,35,Matale,2026-08-24,2026-08-30,25.742857142857144,23.1,29.2,81.38095238095238,15.499999999999998,5,7
2026,36,Matale,2026-08-31,2026-09-06,26.657142857142855,23.3,31.7,76.13690476190474,6.800000000000001,3,7
2026,37,Matale,2026-09-07,2026-09-13,26.928571428571434,23.4,32.4,74.13690476190474,11.100000000000001,3,7
2026,33,Matara,2026-08-10,2026-08-16,27.314285714285717,25.6,29.7,87.54761904761904,31.200000000000003,7,7
2026,34,Matara,2026-08-17,2026-08-23,27.4,25.3,30.5,85.96428571428571,45.199999999999996,7,7
2026,35,Matara,2026-08-24,2026-08-30,26.957142857142856,24.7,29.5,89.08333333333334,37.199999999999996,7,7
2026,36,Matara,2026-08-31,2026-09-06,27.9,25.8,31.1,85.05952380952381,13.1,5,7
2026,37,Matara,2026-09-07,2026-09-13,27.88571428571429,25.0,30.9,85.16666666666666,24.199999999999996,5,7
2026,33,Monaragala,2026-08-10,2026-08-16,29.685714285714283,24.9,36.7,66.54166666666667,5.299999999999999,1,7
2026,34,Monaragala,2026-08-17,2026-08-23,29.585714285714285,23.7,36.8,65.49999999999999,10.6,4,7
2026,35,Monaragala,2026-08-24,2026-08-30,29.471428571428568,25.3,36.6,66.41071428571428,3.1,1,7
2026,36,Monaragala,2026-08-31,2026-09-06,30.08571428571429,24.2,37.2,63.982142857142854,6.6,3,7
2026,37,Monaragala,2026-09-07,2026-09-13,30.17142857142857,23.5,38.1,63.23214285714285,30.0,2,7
2026,33,Mullaitivu,2026-08-10,2026-08-16,29.54285714285714,26.8,33.5,71.63095238095238,0.2,0,7
2026,34,Mullaitivu,2026-08-17,2026-08-23,29.571428571428573,27.1,33.4,70.76190476190477,0.1,0,7
2026,35,Mullaitivu,2026-08-24,2026-08-30,29.7,27.5,33.2,70.68452380952381,0.7,0,7
2026,36,Mullaitivu,2026-08-31,2026-09-06,29.94285714285714,27.0,33.6,70.08928571428572,0.1,0,7
2026,37,Mullaitivu,2026-09-07,2026-09-13,30.028571428571432,27.2,34.1,70.66666666666667,1.4000000000000001,1,7
2026,33,Nuwara Eliya,2026-08-10,2026-08-16,17.17142857142857,14.1,21.5,83.88095238095238,18.200000000000003,6,7
2026,34,Nuwara Eliya,2026-08-17,2026-08-23,17.185714285714283,13.4,21.4,81.61904761904762,19.000000000000004,6,7
2026,35,Nuwara Eliya,2026-08-24,2026-08-30,17.114285714285717,14.8,21.2,83.67261904761904,31.599999999999998,6,7
2026,36,Nuwara Eliya,2026-08-31,2026-09-06,17.52857142857143,13.7,22.4,81.54761904761904,27.3,6,7
2026,37,Nuwara Eliya,2026-09-07,2026-09-13,17.4,12.8,23.5,81.83928571428571,59.099999999999994,6,7
2026,33,Polonnaruwa,2026-08-10,2026-08-16,30.185714285714283,26.5,35.8,63.166666666666664,1.1,0,7
2026,34,Polonnaruwa,2026-08-17,2026-08-23,30.38571428571429,26.2,36.9,61.65476190476191,0.5,0,7
2026,35,Polonnaruwa,2026-08-24,2026-08-30,30.199999999999996,26.4,35.8,63.88690476190476,0.3,0,7
2026,36,Polonnaruwa,2026-08-31,2026-09-06,31.0,26.4,37.8,60.535714285714285,3.0999999999999996,1,7
2026,37,Polonnaruwa,2026-09-07,2026-09-13,31.1,26.2,40.0,60.32142857142857,11.1,1,7
2026,33,Puttalam,2026-08-10,2026-08-16,28.771428571428572,26.5,32.3,78.98214285714286,4.5,2,7
2026,34,Puttalam,2026-08-17,2026-08-23,28.97142857142857,26.6,33.1,78.01190476190477,8.2,3,7
2026,35,Puttalam,2026-08-24,2026-08-30,28.91428571428571,26.3,32.0,80.05357142857143,11.899999999999999,3,7
2026,36,Puttalam,2026-08-31,2026-09-06,29.442857142857143,26.3,33.8,76.51190476190477,2.1,0,7
2026,37,Puttalam,2026-09-07,2026-09-13,29.91428571428571,26.5,34.8,75.3809523809524,3.9999999999999996,2,7
2026,33,Ratnapura,2026-08-10,2026-08-16,27.242857142857144,24.9,30.9,89.98214285714286,34.6,7,7
2026,34,Ratnapura,2026-08-17,2026-08-23,27.099999999999998,24.3,31.1,89.02380952380952,46.3,7,7
2026,35,Ratnapura,2026-08-24,2026-08-30,26.91428571428571,24.8,30.1,91.05357142857143,53.0,7,7
2026,36,Ratnapura,2026-08-31,2026-09-06,27.571428571428573,24.5,31.8,87.88690476190474,18.099999999999998,6,7
2026,37,Ratnapura,2026-09-07,2026-09-13,27.599999999999998,23.8,31.7,87.14880952380952,27.799999999999997,5,7
2026,33,Trincomalee,2026-08-10,2026-08-16,29.857142857142858,26.8,34.5,66.88095238095238,0.2,0,7
2026,34,Trincomalee,2026-08-17,2026-08-23,29.942857142857147,26.7,34.5,66.11904761904762,0.2,0,7
2026,35,Trincomalee,2026-08-24,2026-08-30,29.785714285714285,26.6,34.2,67.62500000000001,0.5,0,7
2026,36,Trincomalee,2026-08-31,2026-09-06,30.25714285714286,27.1,34.6,66.64285714285715,4.6000000000000005,1,7
2026,37,Trincomalee,2026-09-07,2026-09-13,30.25714285714286,27.1,35.9,67.28571428571428,6.2,3,7
2026,33,Vavuniya,2026-08-10,2026-08-16,29.599999999999994,25.8,35.4,68.95238095238095,1.5,0,7
2026,34,Vavuniya,2026-08-17,2026-08-23,29.7,26.0,35.9,68.67261904761905,1.7000000000000002,0,7
2026,35,Vavuniya,2026-08-24,2026-08-30,29.97142857142857,26.6,35.3,68.0297619047619,2.8000000000000003,0,7
2026,36,Vavuniya,2026-08-31,2026-09-06,30.357142857142858,25.8,37.3,66.38095238095238,1.2,0,7
2026,37,Vavuniya,2026-09-07,2026-09-13,30.400000000000002,25.9,38.2,67.2202380952381,13.3,1,7
