year,week,district,start_date,end_date,forecast_origin_date,target_date_1w,cases_current,temperature_current,temperature_min_current,temperature_max_current,humidity_current,rainfall_current,rain_days_current,cases_lag_1,cases_lag_2,cases_lag_3,cases_lag_4,cases_rolling_2,cases_rolling_4,rainfall_lag_1,rainfall_lag_2,rainfall_lag_3,rainfall_lag_4,rainfall_rolling_4,humidity_lag_1,humidity_lag_2,humidity_lag_3,humidity_lag_4,humidity_rolling_4,temperature_lag_1,temperature_lag_2,temperature_lag_3,temperature_lag_4,temperature_rolling_4,rain_days_lag_1,rain_days_lag_2,rain_days_lag_3,rain_days_lag_4,week_sin,week_cos,case_source,weather_source,source_semantics_warning
2026,37,Ampara,2026-09-07,2026-09-13,2026-09-13,2026-09-14,41.0,31.185714285714283,26.7,37.7,63.363095238095234,4.4,2.0,44.0,55.0,40.0,78.0,49.5,54.25,8.6,2.1,1.0,1.9,13.6,59.583333333333336,56.79166666666667,53.47023809523809,56.642857142857146,56.6220238095238,31.571428571428577,31.442857142857143,32.028571428571425,31.71428571428571,31.689285714285713,3.0,1.0,0.0,0.0,-0.9358348973349941,-0.35243871088460327,NDCU,Open-Meteo ERA5,True
2026,37,Anuradhapura,2026-09-07,2026-09-13,2026-09-13,2026-09-14,11.0,29.914285714285715,25.6,36.7,70.51785714285714,16.099999999999998,1.0,30.0,15.0,42.0,37.0,22.5,31.0,2.5,4.2,2.8,2.7,12.2,70.07142857142857,73.11309523809526,72.33333333333334,73.18452380952381,72.17559523809524,29.800000000000004,29.157142857142865,29.12857142857143,28.928571428571427,29.253571428571433,1.0,2.0,1.0,0.0,-0.9358348973349941,-0.35243871088460327,NDCU,Open-Meteo ERA5,True
2026,37,Badulla,2026-09-07,2026-09-13,2026-09-13,2026-09-14,25.0,27.27142857142857,21.2,34.7,65.41666666666666,34.1,2.0,23.0,25.0,42.0,65.0,24.0,38.75,11.5,0.4,1.5,1.5,14.9,64.04761904761905,62.32738095238096,60.54761904761904,61.52976190476191,62.11309523809524,27.585714285714285,27.52857142857143,27.714285714285715,27.714285714285715,27.635714285714286,3.0,0.0,0.0,1.0,-0.9358348973349941,-0.35243871088460327,NDCU,Open-Meteo ERA5,True
2026,37,Batticaloa,2026-09-07,2026-09-13,2026-09-13,2026-09-14,13.0,31.0,25.0,38.5,65.32738095238095,7.300000000000001,2.0,21.0,17.0,24.0,32.0,19.0,23.5,4.0,0.5,0.5,0.5,5.5,62.73214285714285,54.773809523809526,53.773809523809526,57.01190476190476,57.072916666666664,31.11428571428571,31.7,31.82857142857143,31.542857142857144,31.54642857142857,3.0,0.0,0.0,0.0,-0.9358348973349941,-0.35243871088460327,NDCU,Open-Meteo ERA5,True
2026,37,Colombo,2026-09-07,2026-09-13,2026-09-13,2026-09-14,207.0,28.15714285714285,25.1,31.9,83.57142857142856,29.4,7.0,222.0,295.0,441.0,625.0,258.5,395.75,17.300000000000004,44.2,32.6,33.6,127.70000000000002,84.03571428571429,86.51785714285714,84.79166666666666,85.20238095238096,85.13690476190476,28.1,27.557142857142857,27.77142857142857,27.828571428571426,27.814285714285713,7.0,7.0,7.0,7.0,-0.9358348973349941,-0.35243871088460327,NDCU,Open-Meteo ERA5,True
2026,37,Galle,2026-09-07,2026-09-13,2026-09-13,2026-09-14,69.0,27.65714285714285,25.0,30.7,86.39880952380953,40.9,5.0,47.0,54.0,92.0,120.0,50.5,78.25,21.800000000000004,52.0,60.8,38.0,172.60000000000002,86.35714285714288,89.51190476190474,86.92857142857143,88.0892857142857,87.72172619047618,27.65714285714285,26.84285714285715,27.285714285714285,27.171428571428574,27.239285714285714,7.0,7.0,7.0,7.0,-0.9358348973349941,-0.35243871088460327,NDCU,Open-Meteo ERA5,True
2026,37,Gampaha,2026-09-07,2026-09-13,2026-09-13,2026-09-14,218.0,28.08571428571429,25.1,31.9,83.57142857142856,29.4,7.0,224.0,269.0,369.0,605.0,246.5,366.75,17.300000000000004,44.2,32.6,33.6,127.70000000000002,84.02976190476191,86.51190476190477,84.78571428571429,85.19642857142858,85.13095238095238,28.04285714285714,27.47142857142857,27.714285714285715,27.75714285714286,27.746428571428574,7.0,7.0,7.0,7.0,-0.9358348973349941,-0.35243871088460327,NDCU,Open-Meteo ERA5,True
2026,37,Hambantota,2026-09-07,2026-09-13,2026-09-13,2026-09-14,22.0,29.585714285714285,25.6,35.0,70.5297619047619,2.4000000000000004,0.0,21.0,15.0,45.0,51.0,18.0,33.0,0.8,4.6,5.7,3.0,14.1,70.95833333333333,74.67261904761905,72.58333333333333,74.07738095238096,73.07291666666667,29.514285714285712,28.457142857142856,28.77142857142857,28.685714285714283,28.857142857142854,0.0,2.0,2.0,1.0,-0.9358348973349941,-0.35243871088460327,NDCU,Open-Meteo ERA5,True
2026,37,Jaffna,2026-09-07,2026-09-13,2026-09-13,2026-09-14,22.0,28.88571428571429,27.8,30.1,81.48214285714286,0.0,0.0,19.0,17.0,16.0,9.0,18.0,15.25,0.2,24.5,0.7,7.4,32.8,81.48809523809523,82.05952380952381,82.88690476190477,83.23809523809523,82.41815476190476,28.628571428571423,28.414285714285715,28.242857142857144,28.35714285714285,28.41071428571428,0.0,3.0,0.0,3.0,-0.9358348973349941,-0.35243871088460327,NDCU,Open-Meteo ERA5,True
2026,37,Kalutara,2026-09-07,2026-09-13,2026-09-13,2026-09-14,73.0,27.942857142857147,25.2,31.5,85.19642857142857,32.5,7.0,71.0,94.0,137.0,165.0,82.5,116.75,21.000000000000004,46.1,41.2,38.900000000000006,147.20000000000002,85.57738095238096,87.1547619047619,85.69642857142857,86.19642857142857,86.15625,27.942857142857143,27.414285714285715,27.65714285714285,27.642857142857142,27.66428571428571,7.0,7.0,7.0,7.0,-0.9358348973349941,-0.35243871088460327,NDCU,Open-Meteo ERA5,True
2026,37,Kandy,2026-09-07,2026-09-13,2026-09-13,2026-09-14,174.0,27.07142857142857,21.9,34.7,73.73214285714286,24.6,3.0,158.0,150.0,187.0,273.0,154.0,192.0,9.4,6.0,3.0000000000000004,4.2,22.6,74.01785714285714,76.8809523809524,75.51190476190477,78.19642857142857,76.15178571428571,27.08571428571429,26.442857142857143,26.485714285714288,26.285714285714285,26.575000000000003,4.0,4.0,1.0,1.0,-0.9358348973349941,-0.35243871088460327,NDCU,Open-Meteo ERA5,True
2026,37,Kegalle,2026-09-07,2026-09-13,2026-09-13,2026-09-14,69.0,26.857142857142858,23.7,31.5,80.80357142857143,21.7,4.0,58.0,63.0,83.0,101.0,60.5,76.25,13.3,34.2,23.9,27.6,99.0,82.125,86.08333333333334,83.83333333333333,84.42261904761905,84.11607142857143,26.685714285714287,26.02857142857143,26.214285714285715,26.314285714285717,26.310714285714287,7.0,7.0,7.0,7.0,-0.9358348973349941,-0.35243871088460327,NDCU,Open-Meteo ERA5,True
2026,37,Kilinochchi,2026-09-07,2026-09-13,2026-09-13,2026-09-14,3.0,29.885714285714283,27.2,34.2,71.68452380952381,0.7999999999999999,0.0,0.0,0.0,1.0,8.0,0.0,2.25,0.1,3.7,0.0,0.2,4.0,71.36309523809523,73.72619047619048,73.27976190476191,74.38690476190474,73.1889880952381,29.75714285714286,29.342857142857135,29.300000000000004,29.214285714285715,29.403571428571432,0.0,1.0,0.0,0.0,-0.9358348973349941,-0.35243871088460327,NDCU,Open-Meteo ERA5,True
2026,37,Kurunegala,2026-09-07,2026-09-13,2026-09-13,2026-09-14,38.0,27.928571428571438,24.7,33.1,78.47619047619048,9.1,3.0,29.0,42.0,49.0,68.0,35.5,47.0,9.5,29.2,17.099999999999998,14.8,70.6,79.80357142857143,84.00595238095238,81.75,82.60119047619048,82.04017857142857,27.67142857142857,26.97142857142857,27.142857142857142,27.214285714285715,27.25,5.0,7.0,5.0,7.0,-0.9358348973349941,-0.35243871088460327,NDCU,Open-Meteo ERA5,True
2026,37,Mannar,2026-09-07,2026-09-13,2026-09-13,2026-09-14,0.0,29.24285714285714,27.5,31.6,77.64285714285714,4.1,1.0,0.0,1.0,2.0,1.0,0.5,1.0,0.1,1.7,0.2,0.0,2.0,78.07142857142857,79.77380952380952,80.21428571428571,80.22619047619048,79.57142857142857,28.885714285714283,28.585714285714285,28.342857142857145,28.4,28.55357142857143,0.0,0.0,0.0,0.0,-0.9358348973349941,-0.35243871088460327,NDCU,Open-Meteo ERA5,True
2026,37,Matale,2026-09-07,2026-09-13,2026-09-13,2026-09-14,12.0,26.928571428571438,23.4,32.4,74.13690476190474,11.1,3.0,10.0,11.0,15.0,31.0,10.5,16.75,6.800000000000001,15.499999999999998,8.0,11.6,41.9,76.13690476190474,81.38095238095238,78.81547619047619,80.2559523809524,79.14732142857143,26.65714285714285,25.742857142857144,25.95714285714285,25.9,26.06428571428571,3.0,5.0,4.0,5.0,-0.9358348973349941,-0.35243871088460327,NDCU,Open-Meteo ERA5,True
2026,37,Matara,2026-09-07,2026-09-13,2026-09-13,2026-09-14,38.0,27.88571428571429,25.0,30.9,85.16666666666666,24.2,5.0,41.0,43.0,56.0,92.0,42.0,58.0,13.1,37.2,45.2,31.200000000000003,126.7,85.05952380952381,89.08333333333334,85.96428571428571,87.54761904761904,86.91369047619048,27.9,26.957142857142856,27.4,27.31428571428572,27.392857142857142,5.0,7.0,7.0,7.0,-0.9358348973349941,-0.35243871088460327,NDCU,Open-Meteo ERA5,True
2026,37,Monaragala,2026-09-07,2026-09-13,2026-09-13,2026-09-14,11.0,30.17142857142857,23.5,38.1,63.23214285714285,30.0,2.0,11.0,17.0,25.0,25.0,14.0,19.5,6.6,3.1,10.6,5.299999999999999,25.599999999999994,63.98214285714285,66.41071428571428,65.49999999999999,66.54166666666667,65.60863095238095,30.08571428571429,29.471428571428568,29.585714285714285,29.685714285714283,29.707142857142856,3.0,1.0,4.0,1.0,-0.9358348973349941,-0.35243871088460327,NDCU,Open-Meteo ERA5,True
2026,37,Mullaitivu,2026-09-07,2026-09-13,2026-09-13,2026-09-14,1.0,30.028571428571432,27.2,34.1,70.66666666666667,1.4,1.0,0.0,0.0,2.0,3.0,0.0,1.25,0.1,0.7,0.1,0.2,1.0999999999999999,70.08928571428572,70.68452380952381,70.76190476190477,71.63095238095238,70.79166666666666,29.94285714285714,29.7,29.571428571428573,29.54285714285714,29.689285714285713,0.0,0.0,0.0,0.0,-0.9358348973349941,-0.35243871088460327,NDCU,Open-Meteo ERA5,True
2026,37,Nuwara Eliya,2026-09-07,2026-09-13,2026-09-13,2026-09-14,14.0,17.4,12.8,23.5,81.83928571428571,59.1,6.0,18.0,10.0,18.0,31.0,14.0,19.25,27.3,31.6,19.000000000000004,18.200000000000003,96.10000000000001,81.54761904761904,83.67261904761904,81.61904761904762,83.88095238095238,82.68005952380952,17.52857142857143,17.114285714285717,17.185714285714283,17.17142857142857,17.25,6.0,6.0,6.0,6.0,-0.9358348973349941,-0.35243871088460327,NDCU,Open-Meteo ERA5,True
2026,37,Polonnaruwa,2026-09-07,2026-09-13,2026-09-13,2026-09-14,12.0,31.1,26.2,40.0,60.32142857142857,11.1,1.0,8.0,4.0,15.0,19.0,6.0,11.5,3.1,0.3,0.5,1.1,5.0,60.535714285714285,63.88690476190476,61.65476190476191,63.16666666666666,62.311011904761905,31.0,30.2,30.38571428571429,30.185714285714283,30.442857142857143,1.0,0.0,0.0,0.0,-0.9358348973349941,-0.35243871088460327,NDCU,Open-Meteo ERA5,True
2026,37,Puttalam,2026-09-07,2026-09-13,2026-09-13,2026-09-14,33.0,29.91428571428571,26.5,34.8,75.3809523809524,4.0,2.0,37.0,38.0,34.0,65.0,37.5,43.5,2.1,11.9,8.2,4.5,26.7,76.51190476190477,80.05357142857143,78.01190476190477,78.98214285714286,78.38988095238096,29.442857142857143,28.91428571428571,28.97142857142857,28.77142857142857,29.025,0.0,3.0,3.0,2.0,-0.9358348973349941,-0.35243871088460327,NDCU,Open-Meteo ERA5,True
2026,37,Ratnapura,2026-09-07,2026-09-13,2026-09-13,2026-09-14,44.0,27.6,23.8,31.7,87.14880952380952,27.8,5.0,55.0,54.0,58.0,85.0,54.5,63.0,18.1,53.0,46.3,34.6,152.0,87.88690476190474,91.05357142857144,89.02380952380952,89.98214285714286,89.48660714285714,27.571428571428573,26.91428571428571,27.1,27.242857142857144,27.20714285714286,6.0,7.0,7.0,7.0,-0.9358348973349941,-0.35243871088460327,NDCU,Open-Meteo ERA5,True
2026,37,Trincomalee,2026-09-07,2026-09-13,2026-09-13,2026-09-14,5.0,30.25714285714286,27.1,35.9,67.28571428571428,6.2,3.0,5.0,3.0,8.0,15.0,4.0,7.75,4.6000000000000005,0.5,0.2,0.2,5.500000000000001,66.64285714285715,67.62500000000001,66.11904761904762,66.88095238095238,66.81696428571429,30.25714285714286,29.785714285714285,29.942857142857147,29.857142857142858,29.96071428571429,1.0,0.0,0.0,0.0,-0.9358348973349941,-0.35243871088460327,NDCU,Open-Meteo ERA5,True
2026,37,Vavuniya,2026-09-07,2026-09-13,2026-09-13,2026-09-14,1.0,30.4,25.9,38.2,67.2202380952381,13.3,1.0,0.0,3.0,1.0,9.0,1.5,3.25,1.2,2.8000000000000003,1.7000000000000002,1.5,7.2,66.38095238095238,68.0297619047619,68.67261904761905,68.95238095238095,68.00892857142857,30.357142857142858,29.97142857142857,29.7,29.599999999999994,29.907142857142855,0.0,0.0,0.0,0.0,-0.9358348973349941,-0.35243871088460327,NDCU,Open-Meteo ERA5,True
