week,district,ndcu_cases,wer_cases,absolute_difference
1,Ampara,22,15.0,7.0
1,Anuradhapura,21,12.0,9.0
1,Badulla,11,19.0,8.0
1,Batticaloa,70,47.0,23.0
1,Colombo,269,231.0,38.0
1,Galle,65,25.0,40.0
1,Gampaha,184,131.0,53.0
1,Hambantota,25,21.0,4.0
1,Jaffna,33,76.0,43.0
1,Kalutara,44,34.0,10.0
1,Kandy,57,76.0,19.0
1,Kegalle,50,44.0,6.0
1,Kilinochchi,2,5.0,3.0
1,Kurunegala,44,26.0,18.0
1,Mannar,11,12.0,1.0
1,Matale,27,34.0,7.0
1,Matara,46,26.0,20.0
1,Monaragala,29,13.0,16.0
1,Mullaitivu,0,4.0,4.0
1,Nuwara Eliya,4,10.0,6.0
1,Polonnaruwa,5,6.0,1.0
1,Puttalam,39,23.0,16.0
1,Ratnapura,53,47.0,6.0
1,Trincomalee,23,30.0,7.0
1,Vavuniya,2,2.0,0.0
2,Ampara,26,58.0,32.0
2,Anuradhapura,14,27.0,13.0
2,Badulla,25,5.0,20.0
2,Batticaloa,62,62.0,0.0
2,Colombo,316,200.0,116.0
2,Galle,100,30.0,70.0
2,Gampaha,184,186.0,2.0
2,Hambantota,38,36.0,2.0
2,Jaffna,79,58.0,21.0
2,Kalutara,36,65.0,29.0
2,Kandy,72,66.0,6.0
2,Kegalle,45,64.0,19.0
2,Kilinochchi,4,5.0,1.0
2,Kurunegala,19,26.0,7.0
2,Mannar,23,11.0,12.0
2,Matale,30,52.0,22.0
2,Matara,37,28.0,9.0
2,Monaragala,24,25.0,1.0
2,Mullaitivu,1,3.0,2.0
2,Nuwara Eliya,3,5.0,2.0
2,Polonnaruwa,4,14.0,10.0
2,Puttalam,23,30.0,7.0
2,Ratnapura,45,30.0,15.0
2,Trincomalee,41,28.0,13.0
2,Vavuniya,0,4.0,4.0
3,Ampara,15,20.0,5.0
3,Anuradhapura,27,20.0,7.0
3,Badulla,24,17.0,7.0
3,Batticaloa,77,55.0,22.0
3,Colombo,314,245.0,69.0
3,Galle,38,82.0,44.0
3,Gampaha,164,191.0,27.0
3,Hambantota,29,35.0,6.0
3,Jaffna,29,52.0,23.0
3,Kalutara,57,24.0,33.0
3,Kandy,77,65.0,12.0
3,Kegalle,28,40.0,12.0
3,Kilinochchi,1,8.0,7.0
3,Kurunegala,26,39.0,13.0
3,Mannar,7,15.0,8.0
3,Matale,43,39.0,4.0
3,Matara,33,23.0,10.0
3,Monaragala,23,26.0,3.0
3,Mullaitivu,0,1.0,1.0
3,Nuwara Eliya,1,8.0,7.0
3,Polonnaruwa,7,6.0,1.0
3,Puttalam,15,45.0,30.0
3,Ratnapura,88,56.0,32.0
3,Trincomalee,26,34.0,8.0
3,Vavuniya,1,2.0,1.0
4,Ampara,17,27.0,10.0
4,Anuradhapura,15,29.0,14.0
4,Badulla,21,28.0,7.0
4,Batticaloa,59,65.0,6.0
4,Colombo,232,247.0,15.0
4,Galle,61,51.0,10.0
4,Gampaha,133,157.0,24.0
4,Hambantota,27,32.0,5.0
4,Jaffna,63,37.0,26.0
4,Kalutara,40,51.0,11.0
4,Kandy,61,77.0,16.0
4,Kegalle,24,34.0,10.0
4,Kilinochchi,5,3.0,2.0
4,Kurunegala,13,30.0,17.0
4,Mannar,0,12.0,12.0
4,Matale,29,44.0,15.0
4,Matara,46,45.0,1.0
4,Monaragala,15,23.0,8.0
4,Mullaitivu,0,1.0,1.0
4,Nuwara Eliya,1,1.0,0.0
4,Polonnaruwa,12,7.0,5.0
4,Puttalam,16,17.0,1.0
4,Ratnapura,65,46.0,19.0
4,Trincomalee,27,34.0,7.0
4,Vavuniya,0,2.0,2.0
5,Ampara,12,16.0,4.0
5,Anuradhapura,15,16.0,1.0
5,Badulla,30,27.0,3.0
5,Batticaloa,61,64.0,3.0
5,Colombo,273,284.0,11.0
5,Galle,73,48.0,25.0
5,Gampaha,197,184.0,13.0
5,Hambantota,19,24.0,5.0
5,Jaffna,22,57.0,35.0
5,Kalutara,40,38.0,2.0
5,Kandy,75,62.0,13.0
5,Kegalle,19,26.0,7.0
5,Kilinochchi,0,6.0,6.0
5,Kurunegala,24,34.0,10.0
5,Mannar,11,7.0,4.0
5,Matale,36,39.0,3.0
5,Matara,55,32.0,23.0
5,Monaragala,15,24.0,9.0
5,Mullaitivu,1,4.0,3.0
5,Nuwara Eliya,0,10.0,10.0
5,Polonnaruwa,11,3.0,8.0
5,Puttalam,18,16.0,2.0
5,Ratnapura,52,70.0,18.0
5,Trincomalee,18,23.0,5.0
5,Vavuniya,1,2.0,1.0
6,Ampara,17,13.0,4.0
6,Anuradhapura,12,22.0,10.0
6,Badulla,14,26.0,12.0
6,Batticaloa,86,53.0,33.0
6,Colombo,252,225.0,27.0
6,Galle,52,53.0,1.0
6,Gampaha,143,162.0,19.0
6,Hambantota,19,22.0,3.0
6,Jaffna,23,39.0,16.0
6,Kalutara,36,29.0,7.0
6,Kandy,75,80.0,5.0
6,Kegalle,24,24.0,0.0
6,Kilinochchi,0,3.0,3.0
6,Kurunegala,20,18.0,2.0
6,Mannar,8,12.0,4.0
6,Matale,32,45.0,13.0
6,Matara,41,59.0,18.0
6,Monaragala,16,20.0,4.0
6,Mullaitivu,1,1.0,0.0
6,Nuwara Eliya,2,6.0,4.0
6,Polonnaruwa,5,8.0,3.0
6,Puttalam,18,22.0,4.0
6,Ratnapura,30,58.0,28.0
6,Trincomalee,46,22.0,24.0
6,Vavuniya,1,3.0,2.0
7,Ampara,17,17.0,0.0
7,Anuradhapura,15,39.0,24.0
7,Badulla,15,17.0,2.0
7,Batticaloa,73,60.0,13.0
7,Colombo,250,252.0,2.0
7,Galle,44,44.0,0.0
7,Gampaha,108,131.0,23.0
7,Hambantota,12,15.0,3.0
7,Jaffna,19,35.0,16.0
7,Kalutara,30,29.0,1.0
7,Kandy,65,50.0,15.0
7,Kegalle,30,29.0,1.0
7,Kilinochchi,2,2.0,0.0
7,Kurunegala,24,27.0,3.0
7,Mannar,0,3.0,3.0
7,Matale,15,38.0,23.0
7,Matara,37,34.0,3.0
7,Monaragala,8,6.0,2.0
7,Mullaitivu,0,2.0,2.0
7,Nuwara Eliya,3,4.0,1.0
7,Polonnaruwa,3,10.0,7.0
7,Puttalam,45,16.0,29.0
7,Ratnapura,38,47.0,9.0
7,Trincomalee,18,28.0,10.0
7,Vavuniya,0,2.0,2.0
8,Ampara,12,17.0,5.0
8,Anuradhapura,12,39.0,27.0
8,Badulla,11,17.0,6.0
8,Batticaloa,78,60.0,18.0
8,Colombo,257,252.0,5.0
8,Galle,28,44.0,16.0
8,Gampaha,151,131.0,20.0
8,Hambantota,10,15.0,5.0
8,Jaffna,42,35.0,7.0
8,Kalutara,36,29.0,7.0
8,Kandy,53,50.0,3.0
8,Kegalle,29,29.0,0.0
8,Kilinochchi,1,2.0,1.0
8,Kurunegala,18,27.0,9.0
8,Mannar,0,3.0,3.0
8,Matale,38,38.0,0.0
8,Matara,42,34.0,8.0
8,Monaragala,11,6.0,5.0
8,Mullaitivu,0,2.0,2.0
8,Nuwara Eliya,2,4.0,2.0
8,Polonnaruwa,8,10.0,2.0
8,Puttalam,25,16.0,9.0
8,Ratnapura,43,47.0,4.0
8,Trincomalee,34,28.0,6.0
8,Vavuniya,0,2.0,2.0
9,Ampara,14,15.0,1.0
9,Anuradhapura,18,24.0,6.0
9,Badulla,8,8.0,0.0
9,Batticaloa,60,81.0,21.0
9,Colombo,228,217.0,11.0
9,Galle,43,43.0,0.0
9,Gampaha,109,132.0,23.0
9,Hambantota,18,10.0,8.0
9,Jaffna,22,30.0,8.0
9,Kalutara,43,44.0,1.0
9,Kandy,50,63.0,13.0
9,Kegalle,15,35.0,20.0
9,Kilinochchi,2,2.0,0.0
9,Kurunegala,11,20.0,9.0
9,Mannar,6,4.0,2.0
9,Matale,27,40.0,13.0
9,Matara,34,35.0,1.0
9,Monaragala,11,15.0,4.0
9,Mullaitivu,0,0.0,0.0
9,Nuwara Eliya,4,6.0,2.0
9,Polonnaruwa,6,9.0,3.0
9,Puttalam,21,24.0,3.0
9,Ratnapura,52,50.0,2.0
9,Trincomalee,25,29.0,4.0
9,Vavuniya,0,0.0,0.0
10,Ampara,22,11.0,11.0
10,Anuradhapura,15,18.0,3.0
10,Badulla,17,11.0,6.0
10,Batticaloa,58,59.0,1.0
10,Colombo,312,219.0,93.0
10,Galle,37,21.0,16.0
10,Gampaha,137,119.0,18.0
10,Hambantota,14,12.0,2.0
10,Jaffna,7,28.0,21.0
10,Kalutara,45,31.0,14.0
10,Kandy,53,58.0,5.0
10,Kegalle,16,22.0,6.0
10,Kilinochchi,2,1.0,1.0
10,Kurunegala,8,25.0,17.0
10,Mannar,0,3.0,3.0
10,Matale,35,28.0,7.0
10,Matara,34,24.0,10.0
10,Monaragala,7,10.0,3.0
10,Mullaitivu,0,1.0,1.0
10,Nuwara Eliya,1,2.0,1.0
10,Polonnaruwa,16,6.0,10.0
10,Puttalam,20,23.0,3.0
10,Ratnapura,54,47.0,7.0
10,Trincomalee,29,25.0,4.0
10,Vavuniya,3,5.0,2.0
11,Ampara,11,16.0,5.0
11,Anuradhapura,4,25.0,21.0
11,Badulla,7,3.0,4.0
11,Batticaloa,34,56.0,22.0
11,Colombo,255,262.0,7.0
11,Galle,30,40.0,10.0
11,Gampaha,142,142.0,0.0
11,Hambantota,15,17.0,2.0
11,Jaffna,23,15.0,8.0
11,Kalutara,28,43.0,15.0
11,Kandy,56,49.0,7.0
11,Kegalle,36,43.0,7.0
11,Kilinochchi,3,3.0,0.0
11,Kurunegala,24,17.0,7.0
11,Mannar,3,0.0,3.0
11,Matale,7,39.0,32.0
11,Matara,34,50.0,16.0
11,Monaragala,18,17.0,1.0
11,Mullaitivu,0,1.0,1.0
11,Nuwara Eliya,4,2.0,2.0
11,Polonnaruwa,1,18.0,17.0
11,Puttalam,19,24.0,5.0
11,Ratnapura,46,13.0,33.0
11,Trincomalee,16,17.0,1.0
11,Vavuniya,1,0.0,1.0
12,Ampara,8,11.0,3.0
12,Anuradhapura,5,12.0,7.0
12,Badulla,13,17.0,4.0
12,Batticaloa,29,31.0,2.0
12,Colombo,261,214.0,47.0
12,Galle,31,24.0,7.0
12,Gampaha,108,132.0,24.0
12,Hambantota,16,14.0,2.0
12,Jaffna,15,23.0,8.0
12,Kalutara,41,37.0,4.0
12,Kandy,60,59.0,1.0
12,Kegalle,17,20.0,3.0
12,Kilinochchi,1,6.0,5.0
12,Kurunegala,22,23.0,1.0
12,Mannar,0,2.0,2.0
12,Matale,28,22.0,6.0
12,Matara,36,32.0,4.0
12,Monaragala,21,23.0,2.0
12,Mullaitivu,1,3.0,2.0
12,Nuwara Eliya,5,1.0,4.0
12,Polonnaruwa,2,3.0,1.0
12,Puttalam,10,15.0,5.0
12,Ratnapura,74,46.0,28.0
12,Trincomalee,22,25.0,3.0
12,Vavuniya,2,1.0,1.0
13,Ampara,14,9.0,5.0
13,Anuradhapura,8,8.0,0.0
13,Badulla,8,6.0,2.0
13,Batticaloa,47,28.0,19.0
13,Colombo,257,242.0,15.0
13,Galle,39,35.0,4.0
13,Gampaha,144,125.0,19.0
13,Hambantota,11,18.0,7.0
13,Jaffna,15,25.0,10.0
13,Kalutara,40,35.0,5.0
13,Kandy,46,59.0,13.0
13,Kegalle,22,32.0,10.0
13,Kilinochchi,0,0.0,0.0
13,Kurunegala,14,21.0,7.0
13,Mannar,5,2.0,3.0
13,Matale,35,20.0,15.0
13,Matara,43,30.0,13.0
13,Monaragala,15,24.0,9.0
13,Mullaitivu,1,0.0,1.0
13,Nuwara Eliya,16,6.0,10.0
13,Polonnaruwa,2,6.0,4.0
13,Puttalam,5,10.0,5.0
13,Ratnapura,51,56.0,5.0
13,Trincomalee,36,23.0,13.0
13,Vavuniya,0,1.0,1.0
14,Ampara,12,12.0,0.0
14,Anuradhapura,3,9.0,6.0
14,Badulla,10,12.0,2.0
14,Batticaloa,58,28.0,30.0
14,Colombo,295,239.0,56.0
14,Galle,42,31.0,11.0
14,Gampaha,137,135.0,2.0
14,Hambantota,7,12.0,5.0
14,Jaffna,8,24.0,16.0
14,Kalutara,27,30.0,3.0
14,Kandy,66,56.0,10.0
14,Kegalle,18,24.0,6.0
14,Kilinochchi,1,2.0,1.0
14,Kurunegala,21,19.0,2.0
14,Mannar,2,4.0,2.0
14,Matale,46,32.0,14.0
14,Matara,34,44.0,10.0
14,Monaragala,25,21.0,4.0
14,Mullaitivu,1,0.0,1.0
14,Nuwara Eliya,1,4.0,3.0
14,Polonnaruwa,4,4.0,0.0
14,Puttalam,15,14.0,1.0
14,Ratnapura,128,45.0,83.0
14,Trincomalee,23,28.0,5.0
14,Vavuniya,2,1.0,1.0
15,Ampara,19,15.0,4.0
15,Anuradhapura,6,6.0,0.0
15,Badulla,13,9.0,4.0
15,Batticaloa,78,46.0,32.0
15,Colombo,278,204.0,74.0
15,Galle,36,34.0,2.0
15,Gampaha,155,135.0,20.0
15,Hambantota,20,13.0,7.0
15,Jaffna,13,15.0,2.0
15,Kalutara,57,39.0,18.0
15,Kandy,58,65.0,7.0
15,Kegalle,25,20.0,5.0
15,Kilinochchi,0,0.0,0.0
15,Kurunegala,37,19.0,18.0
15,Mannar,0,2.0,2.0
15,Matale,36,21.0,15.0
15,Matara,41,38.0,3.0
15,Monaragala,61,15.0,46.0
15,Mullaitivu,0,2.0,2.0
15,Nuwara Eliya,2,3.0,1.0
15,Polonnaruwa,8,5.0,3.0
15,Puttalam,7,11.0,4.0
15,Ratnapura,194,54.0,140.0
15,Trincomalee,37,36.0,1.0
15,Vavuniya,1,3.0,2.0
16,Ampara,15,22.0,7.0
16,Anuradhapura,5,3.0,2.0
16,Badulla,14,18.0,4.0
16,Batticaloa,55,70.0,15.0
16,Colombo,273,277.0,4.0
16,Galle,36,29.0,7.0
16,Gampaha,177,137.0,40.0
16,Hambantota,18,10.0,8.0
16,Jaffna,15,11.0,4.0
16,Kalutara,36,36.0,0.0
16,Kandy,42,50.0,8.0
16,Kegalle,31,29.0,2.0
16,Kilinochchi,4,1.0,3.0
16,Kurunegala,30,17.0,13.0
16,Mannar,3,1.0,2.0
16,Matale,38,30.0,8.0
16,Matara,45,32.0,13.0
16,Monaragala,25,29.0,4.0
16,Mullaitivu,1,2.0,1.0
16,Nuwara Eliya,5,1.0,4.0
16,Polonnaruwa,11,6.0,5.0
16,Puttalam,6,8.0,2.0
16,Ratnapura,246,146.0,100.0
16,Trincomalee,51,33.0,18.0
16,Vavuniya,4,0.0,4.0
17,Ampara,13,13.0,0.0
17,Anuradhapura,16,4.0,12.0
17,Badulla,10,11.0,1.0
17,Batticaloa,107,62.0,45.0
17,Colombo,336,230.0,106.0
17,Galle,27,23.0,4.0
17,Gampaha,184,171.0,13.0
17,Hambantota,19,12.0,7.0
17,Jaffna,23,18.0,5.0
17,Kalutara,68,42.0,26.0
17,Kandy,68,53.0,15.0
17,Kegalle,20,13.0,7.0
17,Kilinochchi,2,1.0,1.0
17,Kurunegala,30,13.0,17.0
17,Mannar,0,2.0,2.0
17,Matale,29,28.0,1.0
17,Matara,16,35.0,19.0
17,Monaragala,7,27.0,20.0
17,Mullaitivu,0,1.0,1.0
17,Nuwara Eliya,3,3.0,0.0
17,Polonnaruwa,9,5.0,4.0
17,Puttalam,17,7.0,10.0
17,Ratnapura,305,146.0,159.0
17,Trincomalee,43,44.0,1.0
17,Vavuniya,0,5.0,5.0
18,Ampara,21,15.0,6.0
18,Anuradhapura,16,8.0,8.0
18,Badulla,13,19.0,6.0
18,Batticaloa,84,94.0,10.0
18,Colombo,335,306.0,29.0
18,Galle,49,55.0,6.0
18,Gampaha,203,166.0,37.0
18,Hambantota,15,23.0,8.0
18,Jaffna,8,44.0,36.0
18,Kalutara,49,64.0,15.0
18,Kandy,64,73.0,9.0
18,Kegalle,36,35.0,1.0
18,Kilinochchi,1,7.0,6.0
18,Kurunegala,26,53.0,27.0
18,Mannar,8,1.0,7.0
18,Matale,21,42.0,21.0
18,Matara,19,38.0,19.0
18,Monaragala,18,12.0,6.0
18,Mullaitivu,0,0.0,0.0
18,Nuwara Eliya,2,6.0,4.0
18,Polonnaruwa,7,8.0,1.0
18,Puttalam,12,10.0,2.0
18,Ratnapura,280,319.0,39.0
18,Trincomalee,63,46.0,17.0
18,Vavuniya,2,1.0,1.0
19,Ampara,16,24.0,8.0
19,Anuradhapura,5,10.0,5.0
19,Badulla,7,12.0,5.0
19,Batticaloa,63,84.0,21.0
19,Colombo,354,276.0,78.0
19,Galle,53,29.0,24.0
19,Gampaha,163,158.0,5.0
19,Hambantota,17,24.0,7.0
19,Jaffna,14,20.0,6.0
19,Kalutara,52,59.0,7.0
19,Kandy,93,60.0,33.0
19,Kegalle,43,38.0,5.0
19,Kilinochchi,1,1.0,0.0
19,Kurunegala,28,34.0,6.0
19,Mannar,1,6.0,5.0
19,Matale,17,28.0,11.0
19,Matara,16,38.0,22.0
19,Monaragala,13,22.0,9.0
19,Mullaitivu,0,2.0,2.0
19,Nuwara Eliya,7,6.0,1.0
19,Polonnaruwa,6,10.0,4.0
19,Puttalam,14,9.0,5.0
19,Ratnapura,248,273.0,25.0
19,Trincomalee,38,64.0,26.0
19,Vavuniya,0,3.0,3.0
20,Ampara,15,17.0,2.0
20,Anuradhapura,9,11.0,2.0
20,Badulla,14,7.0,7.0
20,Batticaloa,52,59.0,7.0
20,Colombo,347,310.0,37.0
20,Galle,51,32.0,19.0
20,Gampaha,215,194.0,21.0
20,Hambantota,20,16.0,4.0
20,Jaffna,19,18.0,1.0
20,Kalutara,44,63.0,19.0
20,Kandy,100,77.0,23.0
20,Kegalle,40,43.0,3.0
20,Kilinochchi,7,1.0,6.0
20,Kurunegala,50,30.0,20.0
20,Mannar,6,1.0,5.0
20,Matale,10,23.0,13.0
20,Matara,33,17.0,16.0
20,Monaragala,10,10.0,0.0
20,Mullaitivu,0,1.0,1.0
20,Nuwara Eliya,3,7.0,4.0
20,Polonnaruwa,11,10.0,1.0
20,Puttalam,11,12.0,1.0
20,Ratnapura,263,242.0,21.0
20,Trincomalee,37,55.0,18.0
20,Vavuniya,2,0.0,2.0
21,Ampara,10,16.0,6.0
21,Anuradhapura,5,11.0,6.0
21,Badulla,21,7.0,14.0
21,Batticaloa,56,58.0,2.0
21,Colombo,361,359.0,2.0
21,Galle,57,44.0,13.0
21,Gampaha,212,224.0,12.0
21,Hambantota,20,20.0,0.0
21,Jaffna,15,27.0,12.0
21,Kalutara,55,35.0,20.0
21,Kandy,115,98.0,17.0
21,Kegalle,45,45.0,0.0
21,Kilinochchi,1,4.0,3.0
21,Kurunegala,45,44.0,1.0
21,Mannar,0,3.0,3.0
21,Matale,21,16.0,5.0
21,Matara,31,27.0,4.0
21,Monaragala,19,17.0,2.0
21,Mullaitivu,1,2.0,1.0
21,Nuwara Eliya,7,9.0,2.0
21,Polonnaruwa,6,7.0,1.0
21,Puttalam,9,8.0,1.0
21,Ratnapura,311,251.0,60.0
21,Trincomalee,36,45.0,9.0
21,Vavuniya,0,2.0,2.0
22,Ampara,24,14.0,10.0
22,Anuradhapura,11,13.0,2.0
22,Badulla,30,25.0,5.0
22,Batticaloa,62,53.0,9.0
22,Colombo,317,336.0,19.0
22,Galle,55,56.0,1.0
22,Gampaha,216,208.0,8.0
22,Hambantota,11,20.0,9.0
22,Jaffna,19,35.0,16.0
22,Kalutara,52,92.0,40.0
22,Kandy,120,126.0,6.0
22,Kegalle,66,43.0,23.0
22,Kilinochchi,1,2.0,1.0
22,Kurunegala,53,47.0,6.0
22,Mannar,0,4.0,4.0
22,Matale,13,20.0,7.0
22,Matara,19,21.0,2.0
22,Monaragala,28,15.0,13.0
22,Mullaitivu,1,1.0,0.0
22,Nuwara Eliya,4,4.0,0.0
22,Polonnaruwa,24,6.0,18.0
22,Puttalam,16,13.0,3.0
22,Ratnapura,175,203.0,28.0
22,Trincomalee,43,43.0,0.0
22,Vavuniya,0,2.0,2.0
23,Ampara,10,14.0,4.0
23,Anuradhapura,3,11.0,8.0
23,Badulla,28,26.0,2.0
23,Batticaloa,44,52.0,8.0
23,Colombo,304,302.0,2.0
23,Galle,45,44.0,1.0
23,Gampaha,223,197.0,26.0
23,Hambantota,20,8.0,12.0
23,Jaffna,15,20.0,5.0
23,Kalutara,59,71.0,12.0
23,Kandy,107,105.0,2.0
23,Kegalle,42,61.0,19.0
23,Kilinochchi,2,2.0,0.0
23,Kurunegala,63,60.0,3.0
23,Mannar,7,2.0,5.0
23,Matale,17,20.0,3.0
23,Matara,57,26.0,31.0
23,Monaragala,39,26.0,13.0
23,Mullaitivu,0,1.0,1.0
23,Nuwara Eliya,4,7.0,3.0
23,Polonnaruwa,5,12.0,7.0
23,Puttalam,8,11.0,3.0
23,Ratnapura,177,197.0,20.0
23,Trincomalee,32,39.0,7.0
23,Vavuniya,3,1.0,2.0
24,Ampara,9,28.0,19.0
24,Anuradhapura,7,10.0,3.0
24,Badulla,20,24.0,4.0
24,Batticaloa,45,59.0,14.0
24,Colombo,292,245.0,47.0
24,Galle,43,49.0,6.0
24,Gampaha,212,228.0,16.0
24,Hambantota,18,24.0,6.0
24,Jaffna,91,26.0,65.0
24,Kalutara,64,68.0,4.0
24,Kandy,151,126.0,25.0
24,Kegalle,47,54.0,7.0
24,Kilinochchi,3,1.0,2.0
24,Kurunegala,64,43.0,21.0
24,Mannar,0,3.0,3.0
24,Matale,11,24.0,13.0
24,Matara,43,34.0,9.0
24,Monaragala,22,29.0,7.0
24,Mullaitivu,1,4.0,3.0
24,Nuwara Eliya,13,9.0,4.0
24,Polonnaruwa,15,15.0,0.0
24,Puttalam,8,17.0,9.0
24,Ratnapura,136,172.0,36.0
24,Trincomalee,17,40.0,23.0
24,Vavuniya,2,5.0,3.0
25,Ampara,10,11.0,1.0
25,Anuradhapura,17,7.0,10.0
25,Badulla,28,24.0,4.0
25,Batticaloa,27,30.0,3.0
25,Colombo,259,279.0,20.0
25,Galle,85,44.0,41.0
25,Gampaha,183,207.0,24.0
25,Hambantota,28,15.0,13.0
25,Jaffna,33,25.0,8.0
25,Kalutara,58,74.0,16.0
25,Kandy,189,118.0,71.0
25,Kegalle,44,46.0,2.0
25,Kilinochchi,1,2.0,1.0
25,Kurunegala,65,68.0,3.0
25,Mannar,6,2.0,4.0
25,Matale,12,17.0,5.0
25,Matara,51,70.0,19.0
25,Monaragala,40,26.0,14.0
25,Mullaitivu,3,2.0,1.0
25,Nuwara Eliya,14,17.0,3.0
25,Polonnaruwa,8,12.0,4.0
25,Puttalam,18,10.0,8.0
25,Ratnapura,110,145.0,35.0
25,Trincomalee,15,16.0,1.0
25,Vavuniya,1,2.0,1.0
26,Ampara,12,12.0,0.0
26,Anuradhapura,17,8.0,9.0
26,Badulla,14,31.0,17.0
26,Batticaloa,18,40.0,22.0
26,Colombo,329,316.0,13.0
26,Galle,61,73.0,12.0
26,Gampaha,193,217.0,24.0
26,Hambantota,26,22.0,4.0
26,Jaffna,6,24.0,18.0
26,Kalutara,74,62.0,12.0
26,Kandy,172,192.0,20.0
26,Kegalle,38,48.0,10.0
26,Kilinochchi,1,0.0,1.0
26,Kurunegala,41,77.0,36.0
26,Mannar,0,4.0,4.0
26,Matale,16,24.0,8.0
26,Matara,45,39.0,6.0
26,Monaragala,13,24.0,11.0
26,Mullaitivu,1,1.0,0.0
26,Nuwara Eliya,6,20.0,14.0
26,Polonnaruwa,9,21.0,12.0
26,Puttalam,4,10.0,6.0
26,Ratnapura,107,118.0,11.0
26,Trincomalee,6,16.0,10.0
26,Vavuniya,0,4.0,4.0
27,Ampara,26,12.0,14.0
27,Anuradhapura,6,17.0,11.0
27,Badulla,17,17.0,0.0
27,Batticaloa,18,16.0,2.0
27,Colombo,230,276.0,46.0
27,Galle,53,79.0,26.0
27,Gampaha,153,167.0,14.0
27,Hambantota,31,21.0,10.0
27,Jaffna,15,12.0,3.0
27,Kalutara,51,92.0,41.0
27,Kandy,147,161.0,14.0
27,Kegalle,53,35.0,18.0
27,Kilinochchi,1,1.0,0.0
27,Kurunegala,56,70.0,14.0
27,Mannar,0,0.0,0.0
27,Matale,14,23.0,9.0
27,Matara,36,58.0,22.0
27,Monaragala,28,27.0,1.0
27,Mullaitivu,2,3.0,1.0
27,Nuwara Eliya,13,6.0,7.0
27,Polonnaruwa,9,10.0,1.0
27,Puttalam,13,7.0,6.0
27,Ratnapura,110,120.0,10.0
27,Trincomalee,4,12.0,8.0
27,Vavuniya,0,3.0,3.0
28,Ampara,11,22.0,11.0
28,Anuradhapura,16,8.0,8.0
28,Badulla,20,17.0,3.0
28,Batticaloa,18,20.0,2.0
28,Colombo,250,285.0,35.0
28,Galle,57,47.0,10.0
28,Gampaha,164,181.0,17.0
28,Hambantota,37,24.0,13.0
28,Jaffna,25,17.0,8.0
28,Kalutara,73,57.0,16.0
28,Kandy,145,174.0,29.0
28,Kegalle,41,39.0,2.0
28,Kilinochchi,0,2.0,2.0
28,Kurunegala,53,51.0,2.0
28,Mannar,2,2.0,0.0
28,Matale,11,14.0,3.0
28,Matara,21,39.0,18.0
28,Monaragala,23,12.0,11.0
28,Mullaitivu,0,2.0,2.0
28,Nuwara Eliya,7,8.0,1.0
28,Polonnaruwa,10,14.0,4.0
28,Puttalam,8,12.0,4.0
28,Ratnapura,87,104.0,17.0
28,Trincomalee,11,8.0,3.0
28,Vavuniya,0,3.0,3.0
29,Ampara,14,16.0,2.0
29,Anuradhapura,23,8.0,15.0
29,Badulla,28,16.0,12.0
29,Batticaloa,9,13.0,4.0
29,Colombo,297,222.0,75.0
29,Galle,35,56.0,21.0
29,Gampaha,198,154.0,44.0
29,Hambantota,29,31.0,2.0
29,Jaffna,43,26.0,17.0
29,Kalutara,50,66.0,16.0
29,Kandy,160,141.0,19.0
29,Kegalle,24,30.0,6.0
29,Kilinochchi,3,0.0,3.0
29,Kurunegala,53,50.0,3.0
29,Mannar,2,1.0,1.0
29,Matale,20,12.0,8.0
29,Matara,25,28.0,3.0
29,Monaragala,10,13.0,3.0
29,Mullaitivu,0,0.0,0.0
29,Nuwara Eliya,23,10.0,13.0
29,Polonnaruwa,9,11.0,2.0
29,Puttalam,13,7.0,6.0
29,Ratnapura,83,97.0,14.0
29,Trincomalee,14,11.0,3.0
29,Vavuniya,3,2.0,1.0
30,Ampara,10,17.0,7.0
30,Anuradhapura,6,12.0,6.0
30,Badulla,14,37.0,23.0
30,Batticaloa,9,19.0,10.0
30,Colombo,218,226.0,8.0
30,Galle,78,43.0,35.0
30,Gampaha,154,193.0,39.0
30,Hambantota,31,46.0,15.0
30,Jaffna,20,31.0,11.0
30,Kalutara,47,80.0,33.0
30,Kandy,133,184.0,51.0
30,Kegalle,34,41.0,7.0
30,Kilinochchi,1,3.0,2.0
30,Kurunegala,55,49.0,6.0
30,Mannar,5,2.0,3.0
30,Matale,10,19.0,9.0
30,Matara,57,41.0,16.0
30,Monaragala,13,19.0,6.0
30,Mullaitivu,0,0.0,0.0
30,Nuwara Eliya,13,24.0,11.0
30,Polonnaruwa,4,14.0,10.0
30,Puttalam,29,12.0,17.0
30,Ratnapura,108,93.0,15.0
30,Trincomalee,6,11.0,5.0
30,Vavuniya,1,3.0,2.0
31,Ampara,2,8.0,6.0
31,Anuradhapura,15,11.0,4.0
31,Badulla,12,20.0,8.0
31,Batticaloa,6,6.0,0.0
31,Colombo,264,237.0,27.0
31,Galle,44,66.0,22.0
31,Gampaha,132,175.0,43.0
31,Hambantota,15,31.0,16.0
31,Jaffna,15,19.0,4.0
31,Kalutara,42,53.0,11.0
31,Kandy,139,168.0,29.0
31,Kegalle,32,33.0,1.0
31,Kilinochchi,0,1.0,1.0
31,Kurunegala,27,84.0,57.0
31,Mannar,1,4.0,3.0
31,Matale,15,27.0,12.0
31,Matara,46,42.0,4.0
31,Monaragala,13,17.0,4.0
31,Mullaitivu,1,0.0,1.0
31,Nuwara Eliya,8,18.0,10.0
31,Polonnaruwa,4,15.0,11.0
31,Puttalam,17,12.0,5.0
31,Ratnapura,82,99.0,17.0
31,Trincomalee,10,7.0,3.0
31,Vavuniya,0,0.0,0.0
32,Ampara,4,11.0,7.0
32,Anuradhapura,5,3.0,2.0
32,Badulla,10,16.0,6.0
32,Batticaloa,8,6.0,2.0
32,Colombo,115,246.0,131.0
32,Galle,32,44.0,12.0
32,Gampaha,88,148.0,60.0
32,Hambantota,18,24.0,6.0
32,Jaffna,14,15.0,1.0
32,Kalutara,36,30.0,6.0
32,Kandy,106,107.0,1.0
32,Kegalle,28,29.0,1.0
32,Kilinochchi,0,0.0,0.0
32,Kurunegala,33,39.0,6.0
32,Mannar,3,2.0,1.0
32,Matale,24,19.0,5.0
32,Matara,22,30.0,8.0
32,Monaragala,10,17.0,7.0
32,Mullaitivu,0,0.0,0.0
32,Nuwara Eliya,4,9.0,5.0
32,Polonnaruwa,5,8.0,3.0
32,Puttalam,12,15.0,3.0
32,Ratnapura,76,91.0,15.0
32,Trincomalee,2,9.0,7.0
32,Vavuniya,2,1.0,1.0
33,Ampara,12,3.0,9.0
33,Anuradhapura,4,6.0,2.0
33,Badulla,13,13.0,0.0
33,Batticaloa,6,12.0,6.0
33,Colombo,117,156.0,39.0
33,Galle,40,37.0,3.0
33,Gampaha,100,96.0,4.0
33,Hambantota,16,17.0,1.0
33,Jaffna,10,9.0,1.0
33,Kalutara,32,47.0,15.0
33,Kandy,85,145.0,60.0
33,Kegalle,16,31.0,15.0
33,Kilinochchi,2,0.0,2.0
33,Kurunegala,22,37.0,15.0
33,Mannar,1,3.0,2.0
33,Matale,12,17.0,5.0
33,Matara,29,20.0,9.0
33,Monaragala,18,11.0,7.0
33,Mullaitivu,1,0.0,1.0
33,Nuwara Eliya,8,10.0,2.0
33,Polonnaruwa,18,2.0,16.0
33,Puttalam,8,17.0,9.0
33,Ratnapura,49,64.0,15.0
33,Trincomalee,3,4.0,1.0
33,Vavuniya,0,0.0,0.0
34,Ampara,3,6.0,3.0
34,Anuradhapura,15,11.0,4.0
34,Badulla,15,12.0,3.0
34,Batticaloa,6,5.0,1.0
34,Colombo,114,87.0,27.0
34,Galle,37,48.0,11.0
34,Gampaha,63,91.0,28.0
34,Hambantota,11,15.0,4.0
34,Jaffna,7,20.0,13.0
34,Kalutara,44,56.0,12.0
34,Kandy,74,80.0,6.0
34,Kegalle,24,19.0,5.0
34,Kilinochchi,0,2.0,2.0
34,Kurunegala,22,23.0,1.0
34,Mannar,1,1.0,0.0
34,Matale,17,13.0,4.0
34,Matara,18,35.0,17.0
34,Monaragala,13,17.0,4.0
34,Mullaitivu,1,0.0,1.0
34,Nuwara Eliya,6,3.0,3.0
34,Polonnaruwa,6,3.0,3.0
34,Puttalam,7,11.0,4.0
34,Ratnapura,75,79.0,4.0
34,Trincomalee,1,2.0,1.0
34,Vavuniya,3,2.0,1.0
35,Ampara,2,7.0,5.0
35,Anuradhapura,5,6.0,1.0
35,Badulla,15,14.0,1.0
35,Batticaloa,11,6.0,5.0
35,Colombo,121,137.0,16.0
35,Galle,37,27.0,10.0
35,Gampaha,68,108.0,40.0
35,Hambantota,13,7.0,6.0
35,Jaffna,10,6.0,4.0
35,Kalutara,32,39.0,7.0
35,Kandy,72,92.0,20.0
35,Kegalle,14,24.0,10.0
35,Kilinochchi,3,0.0,3.0
35,Kurunegala,13,24.0,11.0
35,Mannar,2,1.0,1.0
35,Matale,19,17.0,2.0
35,Matara,19,26.0,7.0
35,Monaragala,7,8.0,1.0
35,Mullaitivu,0,0.0,0.0
35,Nuwara Eliya,3,8.0,5.0
35,Polonnaruwa,5,5.0,0.0
35,Puttalam,9,4.0,5.0
35,Ratnapura,70,62.0,8.0
35,Trincomalee,2,4.0,2.0
35,Vavuniya,0,3.0,3.0
36,Ampara,4,7.0,3.0
36,Anuradhapura,3,9.0,6.0
36,Badulla,7,18.0,11.0
36,Batticaloa,10,9.0,1.0
36,Colombo,99,104.0,5.0
36,Galle,32,37.0,5.0
36,Gampaha,70,63.0,7.0
36,Hambantota,4,18.0,14.0
36,Jaffna,20,12.0,8.0
36,Kalutara,28,40.0,12.0
36,Kandy,85,94.0,9.0
36,Kegalle,14,27.0,13.0
36,Kilinochchi,1,0.0,1.0
36,Kurunegala,14,24.0,10.0
36,Mannar,2,2.0,0.0
36,Matale,21,11.0,10.0
36,Matara,17,26.0,9.0
36,Monaragala,4,16.0,12.0
36,Mullaitivu,0,1.0,1.0
36,Nuwara Eliya,3,5.0,2.0
36,Polonnaruwa,5,2.0,3.0
36,Puttalam,7,9.0,2.0
36,Ratnapura,71,60.0,11.0
36,Trincomalee,0,4.0,4.0
36,Vavuniya,0,0.0,0.0
37,Ampara,21,6.0,15.0
37,Anuradhapura,4,2.0,2.0
37,Badulla,17,8.0,9.0
37,Batticaloa,12,8.0,4.0
37,Colombo,144,103.0,41.0
37,Galle,31,33.0,2.0
37,Gampaha,95,58.0,37.0
37,Hambantota,13,9.0,4.0
37,Jaffna,6,22.0,16.0
37,Kalutara,35,34.0,1.0
37,Kandy,56,87.0,31.0
37,Kegalle,12,19.0,7.0
37,Kilinochchi,0,2.0,2.0
37,Kurunegala,13,8.0,5.0
37,Mannar,4,2.0,2.0
37,Matale,34,31.0,3.0
37,Matara,14,16.0,2.0
37,Monaragala,11,3.0,8.0
37,Mullaitivu,1,0.0,1.0
37,Nuwara Eliya,5,7.0,2.0
37,Polonnaruwa,1,4.0,3.0
37,Puttalam,9,5.0,4.0
37,Ratnapura,66,59.0,7.0
37,Trincomalee,12,3.0,9.0
37,Vavuniya,1,0.0,1.0
