district,model_mae,persistence_mae,observations,improvement,model,horizon_weeks
Ampara,5.681450269724951,5.96,50,0.27854973027504926,random_forest,1
Anuradhapura,4.172825943011087,4.48,50,0.30717405698891387,random_forest,1
Badulla,6.320990609923412,6.2,50,-0.12099060992341215,random_forest,1
Batticaloa,8.269323374691362,8.28,50,0.010676625308637,random_forest,1
Colombo,39.0033196105778,35.12,50,-3.8833196105778,random_forest,1
Galle,10.850430335801352,11.96,50,1.1095696641986486,random_forest,1
Gampaha,17.04713031798592,19.16,50,2.112869682014079,random_forest,1
Hambantota,5.846456266529143,5.6,50,-0.246456266529143,random_forest,1
Jaffna,8.011192168101466,8.2,50,0.1888078318985329,random_forest,1
Kalutara,11.252062573497652,13.08,50,1.8279374265023485,random_forest,1
Kandy,16.44366657026005,18.06,50,1.6163334297399494,random_forest,1
Kegalle,8.489992315286004,9.46,50,0.9700076847139965,random_forest,1
Kilinochchi,1.7209152316039007,2.0,50,0.2790847683960993,random_forest,1
Kurunegala,8.125221036374807,9.12,50,0.9947789636251922,random_forest,1
Mannar,2.106743461131317,2.3,50,0.19325653886868288,random_forest,1
Matale,6.079349844301426,7.12,50,1.0406501556985743,random_forest,1
Matara,9.67530093491446,11.36,50,1.684699065085539,random_forest,1
Monaragala,5.16798403016081,5.74,50,0.5720159698391898,random_forest,1
Mullaitivu,1.1868739251674978,1.16,50,-0.02687392516749787,random_forest,1
Nuwara Eliya,3.3843517174510276,3.4,50,0.015648282548972325,random_forest,1
Polonnaruwa,3.3583521261658507,3.48,50,0.12164787383414932,random_forest,1
Puttalam,4.8579826624211595,5.04,50,0.18201733757884053,random_forest,1
Ratnapura,20.968166891916002,20.16,50,-0.8081668919160023,random_forest,1
Trincomalee,5.210686944052462,5.22,50,0.00931305594753784,random_forest,1
Vavuniya,1.366964388786808,1.62,50,0.2530356112131922,random_forest,1
Ampara,5.878289159653382,6.54,50,0.6617108403466183,random_forest,2
Anuradhapura,4.743452738653573,5.16,50,0.4165472613464267,random_forest,2
Badulla,6.671658140462341,6.98,50,0.30834185953765925,random_forest,2
Batticaloa,11.42101327024465,10.82,50,-0.6010132702446498,random_forest,2
Colombo,43.502793290514454,38.74,50,-4.762793290514452,random_forest,2
Galle,11.26277797048819,12.44,50,1.1772220295118103,random_forest,2
Gampaha,22.313285931557868,25.94,50,3.6267140684421335,random_forest,2
Hambantota,7.020828964587361,7.14,50,0.11917103541263874,random_forest,2
Jaffna,9.846643978841644,10.68,50,0.8333560211583553,random_forest,2
Kalutara,11.460777416189629,12.7,50,1.2392225838103705,random_forest,2
Kandy,18.338915393521667,19.22,50,0.881084606478332,random_forest,2
Kegalle,9.507372822277647,9.5,50,-0.007372822277647018,random_forest,2
Kilinochchi,1.8354256590765248,2.02,50,0.18457434092347524,random_forest,2
Kurunegala,9.998264744809447,10.56,50,0.5617352551905537,random_forest,2
Mannar,2.5461422259186053,2.0,50,-0.5461422259186053,random_forest,2
Matale,6.189816640964535,6.62,50,0.4301833590354649,random_forest,2
Matara,8.92049693427161,10.3,50,1.3795030657283913,random_forest,2
Monaragala,5.962221606244669,6.48,50,0.5177783937553313,random_forest,2
Mullaitivu,1.401405776103038,1.32,50,-0.08140577610303801,random_forest,2
Nuwara Eliya,4.393077385201703,4.42,50,0.026922614798296607,random_forest,2
Polonnaruwa,4.001527555564671,4.04,50,0.038472444435329045,random_forest,2
Puttalam,5.82918358394543,5.58,50,-0.24918358394543016,random_forest,2
Ratnapura,27.97322323371549,27.68,50,-0.29322323371549075,random_forest,2
Trincomalee,6.512128557624529,6.7,50,0.18787144237547082,random_forest,2
Vavuniya,1.543308402827222,1.5,50,-0.043308402827221926,random_forest,2
Ampara,7.533949957906607,6.38,50,-1.1539499579066073,random_forest,4
Anuradhapura,5.092800852643134,5.94,50,0.8471991473568661,random_forest,4
Badulla,7.430056703829334,7.32,50,-0.11005670382933364,random_forest,4
Batticaloa,14.000428771386256,15.96,50,1.9595712286137452,random_forest,4
Colombo,52.70620822214834,51.0,50,-1.7062082221483408,random_forest,4
Galle,12.875865703334242,15.26,50,2.384134296665758,random_forest,4
Gampaha,32.69513026976003,35.58,50,2.88486973023997,random_forest,4
Hambantota,8.46656923633497,9.04,50,0.57343076366503,random_forest,4
Jaffna,13.550054518853829,11.98,50,-1.5700545188538282,random_forest,4
Kalutara,13.513113499808517,14.8,50,1.2868865001914838,random_forest,4
Kandy,26.41304331180447,25.58,50,-0.8330433118044702,random_forest,4
Kegalle,12.31063547969171,12.6,50,0.28936452030828974,random_forest,4
Kilinochchi,2.6225680596946837,1.88,50,-0.7425680596946838,random_forest,4
Kurunegala,11.366084306017463,12.42,50,1.0539156939825371,random_forest,4
Mannar,3.175463744134254,3.02,50,-0.1554637441342539,random_forest,4
Matale,8.352689597875402,7.82,50,-0.532689597875402,random_forest,4
Matara,11.816735795351917,13.6,50,1.7832642046480824,random_forest,4
Monaragala,7.516206812390681,7.52,50,0.003793187609318238,random_forest,4
Mullaitivu,2.088844875682818,1.14,50,-0.9488448756828183,random_forest,4
Nuwara Eliya,4.49218132276661,3.8,50,-0.6921813227666105,random_forest,4
Polonnaruwa,4.226346976381246,4.62,50,0.39365302361875454,random_forest,4
Puttalam,6.8259483742440175,6.4,50,-0.4259483742440171,random_forest,4
Ratnapura,46.472186028745,42.88,50,-3.5921860287449974,random_forest,4
Trincomalee,9.455803504064525,9.76,50,0.30419649593547504,random_forest,4
Vavuniya,2.061676865143539,1.36,50,-0.7016768651435388,random_forest,4
Ampara,5.264942972,5.96,50,0.6950570279999999,xgboost,1
Anuradhapura,4.223866802,4.48,50,0.25613319800000056,xgboost,1
Badulla,5.844723496,6.2,50,0.3552765039999999,xgboost,1
Batticaloa,7.998478176,8.28,50,0.2815218239999995,xgboost,1
Colombo,39.48307422,35.12,50,-4.3630742200000014,xgboost,1
Galle,10.36559864,11.96,50,1.5944013600000009,xgboost,1
Gampaha,18.53266886,19.16,50,0.627331139999999,xgboost,1
Hambantota,5.883893672,5.6,50,-0.2838936720000005,xgboost,1
Jaffna,7.9992148599999995,8.2,50,0.2007851399999998,xgboost,1
Kalutara,10.730077360000001,13.08,50,2.349922639999999,xgboost,1
Kandy,17.084866899999998,18.06,50,0.9751331000000008,xgboost,1
Kegalle,8.82444344,9.46,50,0.6355565600000013,xgboost,1
Kilinochchi,2.0048112652,2.0,50,-0.004811265199999859,xgboost,1
Kurunegala,8.2495115,9.12,50,0.8704884999999987,xgboost,1
Mannar,2.3832217104,2.3,50,-0.08322171040000015,xgboost,1
Matale,5.985116369999999,7.12,50,1.134883630000001,xgboost,1
Matara,9.30029327,11.36,50,2.0597067300000003,xgboost,1
Monaragala,4.946439676,5.74,50,0.7935603240000004,xgboost,1
Mullaitivu,1.6082206722,1.16,50,-0.44822067220000017,xgboost,1
Nuwara Eliya,3.265732216,3.4,50,0.13426778399999995,xgboost,1
Polonnaruwa,3.550691172,3.48,50,-0.07069117200000008,xgboost,1
Puttalam,4.653671286,5.04,50,0.38632871400000024,xgboost,1
Ratnapura,22.27237908,20.16,50,-2.11237908,xgboost,1
Trincomalee,5.012561604,5.22,50,0.2074383959999997,xgboost,1
Vavuniya,1.5652242354,1.62,50,0.0547757646,xgboost,1
Ampara,5.764562752000001,6.54,50,0.7754372479999994,xgboost,2
Anuradhapura,4.615889646,5.16,50,0.5441103539999999,xgboost,2
Badulla,6.125512123999999,6.98,50,0.8544878760000012,xgboost,2
Batticaloa,10.628359706,10.82,50,0.19164029400000082,xgboost,2
Colombo,39.1491325,38.74,50,-0.40913249999999834,xgboost,2
Galle,11.99077778,12.44,50,0.44922221999999934,xgboost,2
Gampaha,25.21976594,25.94,50,0.7202340600000028,xgboost,2
Hambantota,7.047036019999999,7.14,50,0.09296398000000039,xgboost,2
Jaffna,10.30395534,10.68,50,0.3760446599999998,xgboost,2
Kalutara,11.66674674,12.7,50,1.0332532599999986,xgboost,2
Kandy,16.952827720000002,19.22,50,2.267172279999997,xgboost,2
Kegalle,9.47683836,9.5,50,0.02316163999999965,xgboost,2
Kilinochchi,2.1747185072799997,2.02,50,-0.1547185072799997,xgboost,2
Kurunegala,9.734278719999999,10.56,50,0.8257212800000016,xgboost,2
Mannar,2.9064364956000004,2.0,50,-0.9064364956000004,xgboost,2
Matale,6.239128579999999,6.62,50,0.38087142000000096,xgboost,2
Matara,9.31083038,10.3,50,0.9891696200000002,xgboost,2
Monaragala,5.91726176,6.48,50,0.5627382400000007,xgboost,2
Mullaitivu,2.2701711124,1.32,50,-0.9501711123999999,xgboost,2
Nuwara Eliya,4.05712581,4.42,50,0.3628741900000003,xgboost,2
Polonnaruwa,3.86989422,4.04,50,0.1701057800000001,xgboost,2
Puttalam,5.974119884,5.58,50,-0.3941198840000002,xgboost,2
Ratnapura,31.20094722,27.68,50,-3.52094722,xgboost,2
Trincomalee,5.949629088,6.7,50,0.7503709120000002,xgboost,2
Vavuniya,2.2021933207999997,1.5,50,-0.7021933207999997,xgboost,2
Ampara,6.068719486,6.38,50,0.3112805139999999,xgboost,4
Anuradhapura,4.799848118,5.94,50,1.1401518820000005,xgboost,4
Badulla,6.36707674,7.32,50,0.9529232600000004,xgboost,4
Batticaloa,13.939146785999998,15.96,50,2.0208532140000024,xgboost,4
Colombo,49.9612844,51.0,50,1.0387156000000033,xgboost,4
Galle,13.32002384,15.26,50,1.9399761600000005,xgboost,4
Gampaha,35.7181427,35.58,50,-0.13814270000000306,xgboost,4
Hambantota,7.3427649,9.04,50,1.6972350999999994,xgboost,4
Jaffna,14.578192959999999,11.98,50,-2.5981929599999987,xgboost,4
Kalutara,13.46403458,14.8,50,1.3359654200000008,xgboost,4
Kandy,22.38796542,25.58,50,3.192034579999998,xgboost,4
Kegalle,12.015469060000001,12.6,50,0.5845309399999987,xgboost,4
Kilinochchi,2.5924366034000004,1.88,50,-0.7124366034000005,xgboost,4
Kurunegala,10.5428584,12.42,50,1.8771415999999999,xgboost,4
Mannar,3.37245154924,3.02,50,-0.35245154924,xgboost,4
Matale,8.41713848,7.82,50,-0.5971384799999999,xgboost,4
Matara,11.96199752,13.6,50,1.638002479999999,xgboost,4
Monaragala,7.45331042,7.52,50,0.06668957999999936,xgboost,4
Mullaitivu,2.709238223,1.14,50,-1.569238223,xgboost,4
Nuwara Eliya,4.04160665,3.8,50,-0.24160665000000048,xgboost,4
Polonnaruwa,4.237794384,4.62,50,0.38220561600000025,xgboost,4
Puttalam,6.203230414,6.4,50,0.19676958600000027,xgboost,4
Ratnapura,48.512413699999996,42.88,50,-5.632413699999994,xgboost,4
Trincomalee,9.57100065,9.76,50,0.18899934999999957,xgboost,4
Vavuniya,2.38840850102,1.36,50,-1.0284085010199997,xgboost,4
Ampara,5.192552550317617,5.96,50,0.7674474496823827,lightgbm,1
Anuradhapura,4.314090798747206,4.48,50,0.16590920125279407,lightgbm,1
Badulla,6.02636807759002,6.2,50,0.17363192240997982,lightgbm,1
Batticaloa,7.729915188412225,8.28,50,0.5500848115877748,lightgbm,1
Colombo,40.715978590370106,35.12,50,-5.595978590370109,lightgbm,1
Galle,10.245089437107454,11.96,50,1.7149105628925465,lightgbm,1
Gampaha,19.693660022116894,19.16,50,-0.5336600221168943,lightgbm,1
Hambantota,5.800835174043732,5.6,50,-0.20083517404373197,lightgbm,1
Jaffna,8.002065863164923,8.2,50,0.19793413683507666,lightgbm,1
Kalutara,10.993464310931287,13.08,50,2.086535689068713,lightgbm,1
Kandy,16.51027845635142,18.06,50,1.5497215436485803,lightgbm,1
Kegalle,8.722946738161786,9.46,50,0.7370532618382146,lightgbm,1
Kilinochchi,1.9701716105092806,2.0,50,0.02982838949071942,lightgbm,1
Kurunegala,8.37976765345261,9.12,50,0.7402323465473888,lightgbm,1
Mannar,2.120055073532786,2.3,50,0.17994492646721394,lightgbm,1
Matale,5.973448690456227,7.12,50,1.1465513095437734,lightgbm,1
Matara,9.328751602208817,11.36,50,2.031248397791183,lightgbm,1
Monaragala,4.896146504694451,5.74,50,0.8438534953055497,lightgbm,1
Mullaitivu,1.6703706990043405,1.16,50,-0.5103706990043406,lightgbm,1
Nuwara Eliya,3.5878615576955726,3.4,50,-0.18786155769557267,lightgbm,1
Polonnaruwa,3.5015017195992306,3.48,50,-0.02150171959923064,lightgbm,1
Puttalam,4.885608753355498,5.04,50,0.15439124664450166,lightgbm,1
Ratnapura,21.419554482029508,20.16,50,-1.2595544820295075,lightgbm,1
Trincomalee,4.969636679433742,5.22,50,0.2503633205662581,lightgbm,1
Vavuniya,1.7043013922689725,1.62,50,-0.08430139226897237,lightgbm,1
Ampara,5.517197603267724,6.54,50,1.022802396732276,lightgbm,2
Anuradhapura,4.657012674078022,5.16,50,0.5029873259219784,lightgbm,2
Badulla,6.487478380730635,6.98,50,0.49252161926936555,lightgbm,2
Batticaloa,10.307601530506343,10.82,50,0.5123984694936574,lightgbm,2
Colombo,43.05389423238682,38.74,50,-4.313894232386815,lightgbm,2
Galle,11.599130213810337,12.44,50,0.8408697861896623,lightgbm,2
Gampaha,23.281024549436857,25.94,50,2.658975450563144,lightgbm,2
Hambantota,7.051106652690042,7.14,50,0.08889334730995735,lightgbm,2
Jaffna,10.139784357812994,10.68,50,0.5402156421870057,lightgbm,2
Kalutara,11.873761878012827,12.7,50,0.8262381219871724,lightgbm,2
Kandy,17.478329552802,19.22,50,1.7416704471980005,lightgbm,2
Kegalle,9.35429486869879,9.5,50,0.14570513130120943,lightgbm,2
Kilinochchi,2.0752247680791664,2.02,50,-0.05522476807916643,lightgbm,2
Kurunegala,10.130161627052622,10.56,50,0.42983837294737803,lightgbm,2
Mannar,2.7944031284662287,2.0,50,-0.7944031284662287,lightgbm,2
Matale,6.376352066652546,6.62,50,0.24364793334745372,lightgbm,2
Matara,9.128243920470274,10.3,50,1.171756079529727,lightgbm,2
Monaragala,5.861304328509191,6.48,50,0.6186956714908094,lightgbm,2
Mullaitivu,2.1061226993768125,1.32,50,-0.7861226993768125,lightgbm,2
Nuwara Eliya,4.263575733304188,4.42,50,0.15642426669581155,lightgbm,2
Polonnaruwa,4.003665109292765,4.04,50,0.03633489070723517,lightgbm,2
Puttalam,5.521371126124747,5.58,50,0.05862887387525273,lightgbm,2
Ratnapura,30.941063275188505,27.68,50,-3.261063275188505,lightgbm,2
Trincomalee,6.059403969885765,6.7,50,0.640596030114235,lightgbm,2
Vavuniya,2.183973242595211,1.5,50,-0.683973242595211,lightgbm,2
Ampara,6.2371706385779575,6.38,50,0.1428293614220424,lightgbm,4
Anuradhapura,4.75150068586009,5.94,50,1.1884993141399107,lightgbm,4
Badulla,6.519770108034171,7.32,50,0.800229891965829,lightgbm,4
Batticaloa,14.029600947447545,15.96,50,1.9303990525524561,lightgbm,4
Colombo,53.989575275310024,51.0,50,-2.989575275310024,lightgbm,4
Galle,13.857994349172554,15.26,50,1.402005650827446,lightgbm,4
Gampaha,33.198096924065226,35.58,50,2.3819030759347726,lightgbm,4
Hambantota,7.695482366333959,9.04,50,1.3445176336660403,lightgbm,4
Jaffna,13.417581436412663,11.98,50,-1.4375814364126622,lightgbm,4
Kalutara,13.738798764492143,14.8,50,1.0612012355078573,lightgbm,4
Kandy,19.90078251528061,25.58,50,5.679217484719388,lightgbm,4
Kegalle,11.873978470349343,12.6,50,0.7260215296506569,lightgbm,4
Kilinochchi,2.786961980081053,1.88,50,-0.9069619800810531,lightgbm,4
Kurunegala,11.177793989809363,12.42,50,1.2422060101906371,lightgbm,4
Mannar,3.3521121041270217,3.02,50,-0.33211210412702163,lightgbm,4
Matale,8.26616143032402,7.82,50,-0.44616143032402,lightgbm,4
Matara,12.044807992189364,13.6,50,1.5551920078106356,lightgbm,4
Monaragala,7.251904148989261,7.52,50,0.26809585101073896,lightgbm,4
Mullaitivu,3.358476333885069,1.14,50,-2.218476333885069,lightgbm,4
Nuwara Eliya,3.7964344393629097,3.8,50,0.003565560637090126,lightgbm,4
Polonnaruwa,3.710928962142558,4.62,50,0.909071037857442,lightgbm,4
Puttalam,6.090862731969517,6.4,50,0.3091372680304829,lightgbm,4
Ratnapura,48.59059547423609,42.88,50,-5.7105954742360865,lightgbm,4
Trincomalee,9.126922594175317,9.76,50,0.6330774058246824,lightgbm,4
Vavuniya,2.5713688612349723,1.36,50,-1.2113688612349722,lightgbm,4
