horizon_weeks,model,mae,rmse,smape,persistence_mae,mae_improvement_vs_persistence_percent,mae_rank
1,random_forest,8.58390934199351,15.431928937801729,38.9038872112012,8.9312,3.8885105921543706,1
1,xgboost,8.681348988366127,15.941318600063648,39.5958919246382,8.9312,2.797507744019548,2
1,lightgbm,8.734176865022228,15.849198247540166,39.14651093823941,8.9312,2.206009662506412,3
1,persistence,8.9312,15.485632050387869,43.517773126563874,8.9312,0.0,4
2,random_forest,9.962961255330397,17.7220015743445,42.37877820155877,10.2032,2.3545431302885755,1
2,xgboost,10.029925621289015,18.3695089671111,43.83713815056343,10.2032,1.69823563892686,2
2,lightgbm,10.089819259569255,18.868008570166584,42.478168199363694,10.2032,1.1112272662571097,3
2,persistence,10.2032,18.071812305355543,46.509916732800754,10.2032,0.0,4
4,lightgbm,12.853426540954512,24.83067023959902,47.42376733646093,13.1064,1.9301521321300177,1
4,xgboost,12.87866221894324,24.589923663170065,48.3328381805479,13.1064,1.7376074364948424,2
4,random_forest,13.082423711599745,24.696957243109857,47.68865211141832,13.1064,0.18293572911139516,3
4,persistence,13.1064,24.41338976873142,50.36278354915285,13.1064,0.0,4
