year,week,district,cases,source
2026,33,Colombo,625,NDCU Week 34 Report
2026,33,Gampaha,605,NDCU Week 34 Report
2026,33,Kalutara,165,NDCU Week 34 Report
2026,33,Kandy,273,NDCU Week 34 Report
2026,33,Matale,31,NDCU Week 34 Report
2026,33,Nuwara Eliya,31,NDCU Week 34 Report
2026,33,Galle,120,NDCU Week 34 Report
2026,33,Hambantota,51,NDCU Week 34 Report
2026,33,Matara,92,NDCU Week 34 Report
2026,33,Jaffna,9,NDCU Week 34 Report
2026,33,Kilinochchi,8,NDCU Week 34 Report
2026,33,Mannar,1,NDCU Week 34 Report
2026,33,Vavuniya,9,NDCU Week 34 Report
2026,33,Mullaitivu,3,NDCU Week 34 Report
2026,33,Batticaloa,32,NDCU Week 34 Report
2026,33,Ampara,19,NDCU Week 34 Report
2026,33,Trincomalee,15,NDCU Week 34 Report
2026,33,Kalmunai,59,NDCU Week 34 Report
2026,33,Kurunegala,68,NDCU Week 34 Report
2026,33,Puttalam,65,NDCU Week 34 Report
2026,33,Anuradhapura,37,NDCU Week 34 Report
2026,33,Polonnaruwa,19,NDCU Week 34 Report
2026,33,Badulla,65,NDCU Week 34 Report
2026,33,Monaragala,25,NDCU Week 34 Report
2026,33,Ratnapura,85,NDCU Week 34 Report
2026,33,Kegalle,101,NDCU Week 34 Report
2026,34,Colombo,441,NDCU Week 35 Report
2026,34,Gampaha,369,NDCU Week 35 Report
2026,34,Kalutara,137,NDCU Week 35 Report
2026,34,Kandy,187,NDCU Week 35 Report
2026,34,Matale,15,NDCU Week 35 Report
2026,34,Nuwara Eliya,18,NDCU Week 35 Report
2026,34,Galle,92,NDCU Week 35 Report
2026,34,Hambantota,45,NDCU Week 35 Report
2026,34,Matara,56,NDCU Week 35 Report
2026,34,Jaffna,16,NDCU Week 35 Report
2026,34,Kilinochchi,1,NDCU Week 35 Report
2026,34,Mannar,2,NDCU Week 35 Report
2026,34,Vavuniya,1,NDCU Week 35 Report
2026,34,Mullaitivu,2,NDCU Week 35 Report
2026,34,Batticaloa,24,NDCU Week 35 Report
2026,34,Ampara,11,NDCU Week 35 Report
2026,34,Trincomalee,8,NDCU Week 35 Report
2026,34,Kalmunai,29,NDCU Week 35 Report
2026,34,Kurunegala,49,NDCU Week 35 Report
2026,34,Puttalam,34,NDCU Week 35 Report
2026,34,Anuradhapura,42,NDCU Week 35 Report
2026,34,Polonnaruwa,15,NDCU Week 35 Report
2026,34,Badulla,42,NDCU Week 35 Report
2026,34,Monaragala,25,NDCU Week 35 Report
2026,34,Ratnapura,58,NDCU Week 35 Report
2026,34,Kegalle,83,NDCU Week 35 Report
2026,35,Colombo,295,NDCU Week 36 Report
2026,35,Gampaha,269,NDCU Week 36 Report
2026,35,Kalutara,94,NDCU Week 36 Report
2026,35,Kandy,150,NDCU Week 36 Report
2026,35,Matale,11,NDCU Week 36 Report
2026,35,Nuwara Eliya,10,NDCU Week 36 Report
2026,35,Galle,54,NDCU Week 36 Report
2026,35,Hambantota,15,NDCU Week 36 Report
2026,35,Matara,43,NDCU Week 36 Report
2026,35,Jaffna,17,NDCU Week 36 Report
2026,35,Kilinochchi,0,NDCU Week 36 Report
2026,35,Mannar,1,NDCU Week 36 Report
2026,35,Vavuniya,3,NDCU Week 36 Report
2026,35,Mullaitivu,0,NDCU Week 36 Report
2026,35,Batticaloa,17,NDCU Week 36 Report
2026,35,Ampara,24,NDCU Week 36 Report
2026,35,Trincomalee,3,NDCU Week 36 Report
2026,35,Kalmunai,31,NDCU Week 36 Report
2026,35,Kurunegala,42,NDCU Week 36 Report
2026,35,Puttalam,38,NDCU Week 36 Report
2026,35,Anuradhapura,15,NDCU Week 36 Report
2026,35,Polonnaruwa,4,NDCU Week 36 Report
2026,35,Badulla,25,NDCU Week 36 Report
2026,35,Monaragala,17,NDCU Week 36 Report
2026,35,Ratnapura,54,NDCU Week 36 Report
2026,35,Kegalle,63,NDCU Week 36 Report
2026,36,Colombo,222,NDCU Week 37 Report
2026,36,Gampaha,224,NDCU Week 37 Report
2026,36,Kalutara,71,NDCU Week 37 Report
2026,36,Kandy,158,NDCU Week 37 Report
2026,36,Matale,10,NDCU Week 37 Report
2026,36,Nuwara Eliya,18,NDCU Week 37 Report
2026,36,Galle,47,NDCU Week 37 Report
2026,36,Hambantota,21,NDCU Week 37 Report
2026,36,Matara,41,NDCU Week 37 Report
2026,36,Jaffna,19,NDCU Week 37 Report
2026,36,Kilinochchi,0,NDCU Week 37 Report
2026,36,Mannar,0,NDCU Week 37 Report
2026,36,Vavuniya,0,NDCU Week 37 Report
2026,36,Mullaitivu,0,NDCU Week 37 Report
2026,36,Batticaloa,21,NDCU Week 37 Report
2026,36,Ampara,12,NDCU Week 37 Report
2026,36,Trincomalee,5,NDCU Week 37 Report
2026,36,Kalmunai,32,NDCU Week 37 Report
2026,36,Kurunegala,29,NDCU Week 37 Report
2026,36,Puttalam,37,NDCU Week 37 Report
2026,36,Anuradhapura,30,NDCU Week 37 Report
2026,36,Polonnaruwa,8,NDCU Week 37 Report
2026,36,Badulla,23,NDCU Week 37 Report
2026,36,Monaragala,11,NDCU Week 37 Report
2026,36,Ratnapura,55,NDCU Week 37 Report
2026,36,Kegalle,58,NDCU Week 37 Report
2026,37,Colombo,207,NDCU Week 37 Report
2026,37,Gampaha,218,NDCU Week 37 Report
2026,37,Kalutara,73,NDCU Week 37 Report
2026,37,Kandy,174,NDCU Week 37 Report
2026,37,Matale,12,NDCU Week 37 Report
2026,37,Nuwara Eliya,14,NDCU Week 37 Report
2026,37,Galle,69,NDCU Week 37 Report
2026,37,Hambantota,22,NDCU Week 37 Report
2026,37,Matara,38,NDCU Week 37 Report
2026,37,Jaffna,22,NDCU Week 37 Report
2026,37,Kilinochchi,3,NDCU Week 37 Report
2026,37,Mannar,0,NDCU Week 37 Report
2026,37,Vavuniya,1,NDCU Week 37 Report
2026,37,Mullaitivu,1,NDCU Week 37 Report
2026,37,Batticaloa,13,NDCU Week 37 Report
2026,37,Ampara,10,NDCU Week 37 Report
2026,37,Trincomalee,5,NDCU Week 37 Report
2026,37,Kalmunai,31,NDCU Week 37 Report
2026,37,Kurunegala,38,NDCU Week 37 Report
2026,37,Puttalam,33,NDCU Week 37 Report
2026,37,Anuradhapura,11,NDCU Week 37 Report
2026,37,Polonnaruwa,12,NDCU Week 37 Report
2026,37,Badulla,25,NDCU Week 37 Report
2026,37,Monaragala,11,NDCU Week 37 Report
2026,37,Ratnapura,44,NDCU Week 37 Report
2026,37,Kegalle,69,NDCU Week 37 Report
