year,week,filename,url,status
2026,1,ndcu_2026_week_01.pdf,https://www.dengue.health.gov.lk/wp-content/uploads/2026/06/Weekly-Dengue-Update-2026-Week-01.pdf,existing
2026,2,ndcu_2026_week_02.pdf,https://www.dengue.health.gov.lk/wp-content/uploads/2026/06/Weekly-Dengue-Update-2026-Week-02.pdf,existing
2026,3,ndcu_2026_week_03.pdf,https://www.dengue.health.gov.lk/wp-content/uploads/2026/06/Weekly-Dengue-Update-2026-Week-03.pdf,existing
2026,4,ndcu_2026_week_04.pdf,https://www.dengue.health.gov.lk/wp-content/uploads/2026/06/Weekly-Dengue-Update-2026-Week-04.pdf,existing
2026,5,ndcu_2026_week_05.pdf,https://www.dengue.health.gov.lk/wp-content/uploads/2026/06/Weekly-Dengue-Update-2026-Week-05.pdf,existing
2026,6,ndcu_2026_week_06.pdf,https://www.dengue.health.gov.lk/wp-content/uploads/2026/06/Weekly-Dengue-Update-2026-Week-06.pdf,existing
2026,7,ndcu_2026_week_07.pdf,https://www.dengue.health.gov.lk/wp-content/uploads/2026/06/Weekly-Dengue-Update-2026-Week-07.pdf,existing
2026,8,ndcu_2026_week_08.pdf,https://www.dengue.health.gov.lk/wp-content/uploads/2026/06/Weekly-Dengue-Update-2026-Week-08.pdf,existing
2026,9,ndcu_2026_week_09.pdf,https://www.dengue.health.gov.lk/wp-content/uploads/2026/06/Weekly-Dengue-Update-2026-Week-09.pdf,existing
2026,10,ndcu_2026_week_10.pdf,https://www.dengue.health.gov.lk/wp-content/uploads/2026/06/Weekly-Dengue-Update-2026-Week-10.pdf,existing
2026,11,ndcu_2026_week_11.pdf,https://www.dengue.health.gov.lk/wp-content/uploads/2026/06/Weekly-Dengue-Update-2026-Week-11.pdf,existing
2026,12,ndcu_2026_week_12.pdf,https://www.dengue.health.gov.lk/wp-content/uploads/2026/06/Weekly-Dengue-Update-2026-Week-12.pdf,existing
2026,13,ndcu_2026_week_13.pdf,https://www.dengue.health.gov.lk/wp-content/uploads/2026/06/Weekly-Dengue-Update-2026-Week-13.pdf,existing
2026,14,ndcu_2026_week_14.pdf,https://www.dengue.health.gov.lk/wp-content/uploads/2026/06/Weekly-Dengue-Update-2026-Week-14.pdf,existing
2026,15,ndcu_2026_week_15.pdf,https://www.dengue.health.gov.lk/wp-content/uploads/2026/06/Weekly-Dengue-Update-2026-Week-15.pdf,existing
2026,16,ndcu_2026_week_16.pdf,https://www.dengue.health.gov.lk/wp-content/uploads/2026/06/Weekly-Dengue-Update-2026-Week-16.pdf,existing
2026,17,ndcu_2026_week_17.pdf,https://www.dengue.health.gov.lk/wp-content/uploads/2026/06/Weekly-Dengue-Update-2026-Week-17.pdf,existing
2026,18,ndcu_2026_week_18.pdf,https://www.dengue.health.gov.lk/wp-content/uploads/2026/08/Weekly-Dengue-Update-2026-Week-18.pdf,existing
2026,19,ndcu_2026_week_19.pdf,https://www.dengue.health.gov.lk/wp-content/uploads/2026/06/Weekly-Dengue-Update-2026-Week-19.pdf,existing
2026,20,ndcu_2026_week_20.pdf,https://www.dengue.health.gov.lk/wp-content/uploads/2026/08/Weekly-Dengue-Update-2026-Week-20.pdf,existing
2026,21,ndcu_2026_week_21.pdf,https://www.dengue.health.gov.lk/wp-content/uploads/2026/06/Weekly-Dengue-Update-2026-Week-21.pdf,existing
2026,22,ndcu_2026_week_22.pdf,https://www.dengue.health.gov.lk/wp-content/uploads/2026/06/weekly-dengue-update-2026-week-22.pdf,existing
2026,23,ndcu_2026_week_23.pdf,https://www.dengue.health.gov.lk/wp-content/uploads/2026/06/weekly-dengue-update-2026-week-23.pdf,existing
2026,24,ndcu_2026_week_24.pdf,https://www.dengue.health.gov.lk/wp-content/uploads/2026/06/Weekly-Dengue-Update-2026-Week-24.pdf,existing
2026,25,ndcu_2026_week_25.pdf,https://www.dengue.health.gov.lk/wp-content/uploads/2026/06/Weekly-Dengue-Update-2026-Week-25.pdf,existing
2026,26,ndcu_2026_week_26.pdf,https://www.dengue.health.gov.lk/wp-content/uploads/2026/07/Weekly-Dengue-Update-2026-Week-26.pdf,existing
2026,27,ndcu_2026_week_27.pdf,https://www.dengue.health.gov.lk/wp-content/uploads/2026/07/Weekly-Dengue-Update-2026-Week-27.pdf,existing
2026,28,ndcu_2026_week_28.pdf,https://www.dengue.health.gov.lk/wp-content/uploads/2026/07/Weekly-Dengue-Update-2026-Week-28.pdf,existing
2026,29,ndcu_2026_week_29.pdf,https://www.dengue.health.gov.lk/wp-content/uploads/2026/07/Weekly-Dengue-Update-2026-Week-29.pdf,existing
2026,30,ndcu_2026_week_30.pdf,https://www.dengue.health.gov.lk/wp-content/uploads/2026/08/Weekly-Dengue-Update-2026-Week-30.pdf,existing
2026,31,ndcu_2026_week_31.pdf,https://www.dengue.health.gov.lk/wp-content/uploads/2026/08/Weekly-Dengue-Update-2026-Week-31-1.pdf,existing
2026,32,ndcu_2026_week_32.pdf,https://www.dengue.health.gov.lk/wp-content/uploads/2026/08/Weekly-Dengue-Update-2026-Week-32.pdf,existing
2026,33,ndcu_2026_week_33.pdf,https://www.dengue.health.gov.lk/wp-content/uploads/2026/08/Weekly-Dengue-Update-2026-Week-33.pdf,existing
2026,34,ndcu_2026_week_34.pdf,https://www.dengue.health.gov.lk/wp-content/uploads/2026/08/Weekly-Dengue-Update-2026-Week-34.pdf,existing
2026,35,ndcu_2026_week_35.pdf,https://www.dengue.health.gov.lk/wp-content/uploads/2026/09/Weekly-Dengue-Update-2026-Week-35.pdf,existing
2026,36,ndcu_2026_week_36.pdf,https://www.dengue.health.gov.lk/wp-content/uploads/2026/09/Weekly-Dengue-Update-2026-Week-36.pdf,existing
2026,37,ndcu_2026_week_37.pdf,https://www.dengue.health.gov.lk/wp-content/uploads/2026/09/Weekly-Dengue-Update-2026-Week-37.pdf,existing
