district,forecast_origin_date,target_date,actual_cases,prediction_random_forest,prediction_persistence,base_value,contribution_rank,feature,feature_value,shap_value,abs_shap_value,direction
Kegalle,2025-12-12,2025-12-13,37.0,35.97866467425644,36.0,45.197009781209786,1,cases_lag_1,18.0,-6.6596139445807445,6.6596139445807445,decreases_prediction
Kegalle,2025-12-12,2025-12-13,37.0,35.97866467425644,36.0,45.197009781209786,2,cases_current,36.0,-6.087869931572085,6.087869931572085,decreases_prediction
Kegalle,2025-12-12,2025-12-13,37.0,35.97866467425644,36.0,45.197009781209786,3,rainfall_rolling_4,753.3,1.7328505863418626,1.7328505863418626,increases_prediction
Kegalle,2025-12-12,2025-12-13,37.0,35.97866467425644,36.0,45.197009781209786,4,humidity_lag_2,93.95238095238096,0.9503866409298806,0.9503866409298806,increases_prediction
Kegalle,2025-12-12,2025-12-13,37.0,35.97866467425644,36.0,45.197009781209786,5,rainfall_lag_2,551.4000000000001,0.9141030119124655,0.9141030119124655,increases_prediction
Kegalle,2025-12-12,2025-12-13,37.0,35.97866467425644,36.0,45.197009781209786,6,cases_rolling_2,24.0,-0.6921452411096861,0.6921452411096861,decreases_prediction
Kegalle,2025-12-12,2025-12-13,37.0,35.97866467425644,36.0,45.197009781209786,7,cases_rolling_4,25.0,0.6500988825843844,0.6500988825843844,increases_prediction
Kegalle,2025-12-12,2025-12-13,37.0,35.97866467425644,36.0,45.197009781209786,8,rainfall_lag_3,135.29999999999998,0.6155107352539766,0.6155107352539766,increases_prediction
Kegalle,2025-12-12,2025-12-13,37.0,35.97866467425644,36.0,45.197009781209786,9,temperature_lag_1,24.65714285714285,-0.310190361903477,0.310190361903477,decreases_prediction
Kegalle,2025-12-12,2025-12-13,37.0,35.97866467425644,36.0,45.197009781209786,10,rainfall_current,47.8,-0.21366779932577576,0.21366779932577576,decreases_prediction
